site,year,month,day,replicate,location,time,net_size,success,species,stage,abundance,estimated,notes,entered,checked
hdo,2018,3,19,1,60,801,11,1,bapi,3,8,,,bmm,bmm
hdo,2018,3,19,1,60,801,11,1,thst,3,37,,,bmm,bmm
hdo,2018,3,19,1,60,801,11,1,chum,3,2,,,bmm,bmm
hdo,2018,3,19,1,60,801,11,1,pasa,3,3,,,bmm,bmm
hdo,2018,3,19,1,60,801,11,1,stsc,3,1,,,bmm,bmm
hdo,2018,3,19,2,0,817,11,1,susm,3,34,,,bmm,bmm
hdo,2018,3,19,2,0,817,11,1,bapi,3,22,,,bmm,bmm
hdo,2018,3,19,2,0,817,11,1,enso,3,29,,,bmm,bmm
hdo,2018,3,19,2,0,817,11,1,thst,3,47,,,bmm,bmm
hdo,2018,3,19,2,0,817,11,1,stsc,3,1,,,bmm,bmm
hdo,2018,3,19,2,0,817,11,1,chum,3,2,,,bmm,bmm
hdo,2018,3,19,2,0,817,11,1,pink,3,1,,,bmm,bmm
hdo,2018,3,19,2,0,817,11,1,pasa,3,2,,,bmm,bmm
ppo,2018,3,19,1,0,916,11,1,thst,3,136,,,bmm,bmm
ppo,2018,3,19,1,0,916,11,1,tisc,3,5,,,bmm,bmm
ppo,2018,3,19,1,0,916,11,1,pink,1,1,,,bmm,bmm
ppo,2018,3,19,1,0,916,11,1,enso,3,3,,,bmm,bmm
ppo,2018,3,19,1,0,916,11,1,pasa,3,3,,,bmm,bmm
ppo,2018,3,19,2,40,924,11,1,enso,3,1,,,bmm,bmm
ppo,2018,3,19,2,40,924,11,1,pink,1,8,,,bmm,bmm
ppo,2018,3,19,2,40,924,11,1,thst,3,2,,,bmm,bmm
ppo,2018,3,19,2,40,924,11,1,pasa,3,1,,,bmm,bmm
ppo,2018,3,19,2,40,924,11,1,unsc,3,1,,,bmm,bmm
pba,2018,3,20,1,30,920,11,1,thst,3,12,,,bmm,bmm
pba,2018,3,20,1,30,920,11,1,bapi,3,5,,,bmm,bmm
pba,2018,3,20,1,30,920,11,1,susm,3,2,,,bmm,bmm
pba,2018,3,20,1,30,920,11,1,enso,3,8,,,bmm,bmm
pba,2018,3,20,1,30,920,11,1,stfl,3,1,,,bmm,bmm
pba,2018,3,20,1,30,920,11,1,chum,1,1,,,bmm,bmm
pba,2018,3,20,2,60,940,11,1,tisc,3,1,,,bmm,bmm
pba,2018,3,20,2,60,940,11,1,thst,3,125,,,bmm,bmm
pba,2018,3,20,2,60,940,11,1,bapi,3,2,,,bmm,bmm
pba,2018,3,20,2,60,940,11,1,enso,3,3,,,bmm,bmm
pba,2018,3,20,2,60,940,11,1,pink,1,1,,,bmm,bmm
pba,2018,3,20,2,60,940,11,1,stsc,3,1,,,bmm,bmm
chp,2018,3,20,1,0,840,11,1,enso,3,18,,,bmm,bmm
chp,2018,3,20,1,0,840,11,1,busc,3,1,,,bmm,bmm
chp,2018,3,20,1,0,840,11,1,tisc,3,2,,,bmm,bmm
chp,2018,3,20,2,0,840,11,1,masc,3,1,,,bmm,bmm
chp,2018,3,20,2,20,850,11,1,tisc,3,5,,,bmm,bmm
chp,2018,3,20,2,20,850,11,1,enso,3,1,,,bmm,bmm
chp,2018,3,20,2,20,850,11,1,unsn,3,3,,,bmm,bmm
chp,2018,3,20,2,20,850,11,1,cabe,3,1,,,bmm,bmm
chp,2018,3,20,2,20,850,11,1,reil,3,1,,,bmm,bmm
wfb,2018,3,21,1,160,922,22,1,enso,3,157,,,bmm,bmm
wfb,2018,3,21,1,160,922,22,1,sand,3,4,,,bmm,bmm
wfb,2018,3,21,1,160,922,22,1,kegr,3,1,,,bmm,bmm
wfb,2018,3,21,1,160,922,22,1,stfl,3,2,,,bmm,bmm
wfb,2018,3,21,1,160,922,22,1,saso,3,8,,,bmm,bmm
wfb,2018,3,21,1,160,922,22,1,pasa,3,3,,,bmm,bmm
wfb,2018,3,21,1,160,922,22,1,unla,1,1,,,bmm,bmm
wfb,2018,3,21,2,0,941,22,1,enso,3,5,,,bmm,bmm
wfb,2018,3,21,2,0,941,22,1,unla,1,1,,,bmm,bmm
wfb,2018,3,21,2,0,941,22,1,unsc,1,2,,,bmm,bmm
wfb,2018,3,21,2,0,941,22,1,pasa,3,3,,,bmm,bmm
wfb,2018,3,21,2,0,941,22,1,saso,3,2,,,bmm,bmm
ssp,2018,3,21,1,180,1024,22,1,stfl,3,4,,,bmm,bmm
ssp,2018,3,21,1,180,1024,22,1,pasa,3,33,,,bmm,bmm
ssp,2018,3,21,1,180,1024,22,1,tube,3,1,,,bmm,bmm
ssp,2018,3,21,1,180,1024,22,1,enso,3,68,,,bmm,bmm
ssp,2018,3,21,1,180,1024,22,1,kegr,3,1,,,bmm,bmm
ssp,2018,3,21,2,10,1042,22,1,stfl,3,1,,,bmm,bmm
ssp,2018,3,21,2,10,1042,22,1,enso,3,19,,,bmm,bmm
ssp,2018,3,21,2,10,1042,22,1,pasa,3,9,,,bmm,bmm
ssp,2018,3,21,2,10,1042,22,1,unla,1,1,,,bmm,bmm
ssp,2018,3,21,2,10,1042,22,1,saso,3,5,,,bmm,bmm
ssp,2018,3,21,2,10,1042,22,1,unsc,1,1,,,bmm,bmm
chp,2018,5,29,1,0,703,11,1,shpe,3,4,,,bmm,bmm
chp,2018,5,29,1,0,703,11,1,pegu,3,3,,,bmm,bmm
chp,2018,5,29,1,0,703,11,1,tisc,3,5,,,bmm,bmm
chp,2018,5,29,1,0,703,11,1,coro,3,1,,,bmm,bmm
chp,2018,5,29,1,0,703,11,1,sisc,3,3,,,bmm,bmm
chp,2018,5,29,1,0,703,11,1,kegr,3,1,,,bmm,bmm
chp,2018,5,29,1,0,703,11,1,sand,3,3,,,bmm,bmm
chp,2018,5,29,1,0,703,11,1,pasa,3,3,,,bmm,bmm
chp,2018,5,29,1,0,703,11,1,busc,3,6,,,bmm,bmm
chp,2018,5,29,1,0,703,11,1,enso,3,4,,,bmm,bmm
chp,2018,5,29,2,40,718,11,1,pasa,3,14,,,bmm,bmm
chp,2018,5,29,2,40,718,11,1,coro,3,11,,,bmm,bmm
chp,2018,5,29,2,40,718,11,1,sisc,3,4,,,bmm,bmm
chp,2018,5,29,2,40,718,11,1,bapi,3,2,,,bmm,bmm
chp,2018,5,29,2,40,718,11,1,pasc,3,1,,,bmm,bmm
chp,2018,5,29,2,40,718,11,1,blro,3,1,,,bmm,bmm
chp,2018,5,29,2,40,718,11,1,kegr,3,3,,,bmm,bmm
chp,2018,5,29,2,40,718,11,1,enso,3,8,,,bmm,bmm
chp,2018,5,29,2,40,718,11,1,rogr,3,1,,,bmm,bmm
chp,2018,5,29,2,40,718,11,1,stpe,3,1,,,bmm,bmm
chp,2018,5,29,2,40,718,11,1,smsc,3,2,,,bmm,bmm
ppo,2018,5,29,1,0,826,11,1,thst,3,186,,,bmm,bmm
ppo,2018,5,29,1,0,826,11,1,enso,3,1,,,bmm,bmm
ppo,2018,5,29,1,0,826,11,1,tisc,3,13,,,bmm,bmm
ppo,2018,5,29,1,0,826,11,1,tube,3,1,,,bmm,bmm
ppo,2018,5,29,1,0,826,11,1,pasc,3,1,,,bmm,bmm
ppo,2018,5,29,1,0,826,11,1,kegr,3,1,,,bmm,bmm
ppo,2018,5,29,1,0,826,11,1,bapi,3,5,,,bmm,bmm
ppo,2018,5,29,1,0,826,11,1,ling,3,4,,,bmm,bmm
ppo,2018,5,29,1,0,826,11,1,sisc,3,1,,,bmm,bmm
ppo,2018,5,29,2,50,841,11,1,herr,3,148,,,bmm,bmm
ppo,2018,5,29,2,50,841,11,1,enso,3,4,,,bmm,bmm
ppo,2018,5,29,2,50,841,11,1,sand,3,4,,,bmm,bmm
ppo,2018,5,29,2,50,841,11,1,ling,3,4,,,bmm,bmm
ppo,2018,5,29,2,50,841,11,1,tisc,3,7,,,bmm,bmm
ppo,2018,5,29,2,50,841,11,1,pasa,3,1,,,bmm,bmm
pba,2018,5,30,1,0,735,11,1,ling,3,6,,,bmm,bmm
pba,2018,5,30,1,0,735,11,1,tisc,3,3,,,bmm,bmm
pba,2018,5,30,1,0,735,11,1,snpr,3,4,,,bmm,bmm
pba,2018,5,30,1,0,735,11,1,herr,3,2,,,bmm,bmm
pba,2018,5,30,1,0,735,11,1,enso,3,4,,,bmm,bmm
pba,2018,5,30,1,0,735,11,1,bago,3,5,,,bmm,bmm
pba,2018,5,30,1,0,735,11,1,crgu,3,2,,,bmm,bmm
pba,2018,5,30,1,0,735,11,1,pasa,3,2,,,bmm,bmm
pba,2018,5,30,1,0,735,11,1,bapi,3,1,,,bmm,bmm
pba,2018,5,30,1,0,735,11,1,grsc,3,3,,,bmm,bmm
pba,2018,5,30,1,0,735,11,1,thst,3,4,,,bmm,bmm
pba,2018,5,30,1,0,735,11,1,unar,3,2,,,bmm,bmm
pba,2018,5,30,2,40,745,11,1,pasa,3,9,,,bmm,bmm
pba,2018,5,30,2,40,745,11,1,enso,3,38,,,bmm,bmm
pba,2018,5,30,2,40,745,11,1,ling,3,4,,,bmm,bmm
pba,2018,5,30,2,40,745,11,1,thst,3,5,,,bmm,bmm
pba,2018,5,30,2,40,745,11,1,snpr,3,9,,,bmm,bmm
pba,2018,5,30,2,40,745,11,1,grsc,3,2,,,bmm,bmm
pba,2018,5,30,2,40,745,11,1,tisc,3,3,,,bmm,bmm
pba,2018,5,30,2,40,745,11,1,pegu,3,1,,,bmm,bmm
pba,2018,5,30,2,40,745,11,1,bago,3,2,,,bmm,bmm
pba,2018,5,30,2,40,745,11,1,unar,3,1,,,bmm,bmm
hdo,2018,5,30,1,50,925,11,1,stfl,3,7,,,bmm,bmm
hdo,2018,5,30,1,50,925,11,1,pasa,3,4,,,bmm,bmm
hdo,2018,5,30,1,50,925,11,1,susm,3,15,,,bmm,bmm
hdo,2018,5,30,1,50,925,11,1,stsc,3,1,,,bmm,bmm
hdo,2018,5,30,1,50,925,11,1,tomc,3,25,,,bmm,bmm
hdo,2018,5,30,1,50,925,11,1,bapi,3,25,,,bmm,bmm
hdo,2018,5,30,1,50,925,11,1,ling,3,7,,,bmm,bmm
hdo,2018,5,30,1,50,925,11,1,grsc,3,7,,,bmm,bmm
hdo,2018,5,30,1,50,925,11,1,enso,3,21,,,bmm,bmm
hdo,2018,5,30,1,50,925,11,1,whgr,3,1,,,bmm,bmm
hdo,2018,5,30,1,50,925,11,1,unpo,3,1,,,bmm,bmm
hdo,2018,5,30,1,50,925,11,1,stsc,3,4,,,bmm,bmm
hdo,2018,5,30,1,50,925,11,1,smsc,3,2,,,bmm,bmm
hdo,2018,5,30,1,50,925,11,1,pasc,3,1,,,bmm,bmm
hdo,2018,5,30,2,10,950,11,1,thst,3,5150,5000,,bmm,bmm
hdo,2018,5,30,2,10,950,11,1,bapi,3,4,,,bmm,bmm
hdo,2018,5,30,2,10,950,11,1,susm,3,1,,,bmm,bmm
hdo,2018,5,30,2,10,950,11,1,enso,3,153,,,bmm,bmm
hdo,2018,5,30,2,10,950,11,1,snpr,3,15,,,bmm,bmm
hdo,2018,5,30,2,10,950,11,1,stfl,3,1,,,bmm,bmm
hdo,2018,5,30,2,10,950,11,1,stsc,3,6,,,bmm,bmm
hdo,2018,5,30,2,10,950,11,1,grsc,3,6,,,bmm,bmm
hdo,2018,5,30,2,10,950,11,1,pasa,3,4,,,bmm,bmm
hdo,2018,5,30,2,10,950,11,1,ling,3,3,,,bmm,bmm
hdo,2018,5,30,2,10,950,11,1,bago,3,3,,,bmm,bmm
wfb,2018,5,31,1,130,817,22,1,kegr,3,1,,,bmm,bmm
wfb,2018,5,31,1,130,817,22,1,pink,3,8,,,bmm,bmm
wfb,2018,5,31,1,130,817,22,1,enso,3,462,,,bmm,bmm
wfb,2018,5,31,1,130,817,22,1,saso,3,37,,,bmm,bmm
wfb,2018,5,31,1,130,817,22,1,stfl,3,1,,,bmm,bmm
wfb,2018,5,31,1,130,817,22,1,pasa,3,59,,,bmm,bmm
wfb,2018,5,31,1,130,817,22,1,unfl,3,1,,,bmm,bmm
wfb,2018,5,31,1,130,817,22,1,stsc,3,3,,,bmm,bmm
wfb,2018,5,31,1,130,817,22,1,sand,3,19,,,bmm,bmm
wfb,2018,5,31,1,130,817,22,1,unla,3,1,,,bmm,bmm
wfb,2018,5,31,1,130,817,22,1,herr,3,3,,,bmm,bmm
wfb,2018,5,31,2,20,836,22,1,pink,3,4,,,bmm,bmm
wfb,2018,5,31,2,20,836,22,1,stsc,3,1,,,bmm,bmm
wfb,2018,5,31,2,20,836,22,1,herr,3,29,,,bmm,bmm
wfb,2018,5,31,2,20,836,22,1,sand,3,70,,,bmm,bmm
wfb,2018,5,31,2,20,836,22,1,saso,3,9,,,bmm,bmm
wfb,2018,5,31,2,20,836,22,1,pasa,3,14,,,bmm,bmm
wfb,2018,5,31,2,20,836,22,1,enso,3,108,,,bmm,bmm
ssp,2018,5,31,1,250,944,22,1,blro,3,4,,,bmm,bmm
ssp,2018,5,31,1,250,944,22,1,shpe,3,52,,,bmm,bmm
ssp,2018,5,31,1,250,944,22,1,pink,3,68,,,bmm,bmm
ssp,2018,5,31,1,250,944,22,1,byro,3,2,,,bmm,bmm
ssp,2018,5,31,1,250,944,22,1,ling,3,3,,,bmm,bmm
ssp,2018,5,31,1,250,944,22,1,tube,3,8,,,bmm,bmm
ssp,2018,5,31,1,250,944,22,1,sisc,3,6,,,bmm,bmm
ssp,2018,5,31,1,250,944,22,1,pasa,3,170,,,bmm,bmm
ssp,2018,5,31,1,250,944,22,1,enso,3,203,,,bmm,bmm
ssp,2018,5,31,1,250,944,22,1,paco,3,7,,,bmm,bmm
ssp,2018,5,31,1,250,944,22,1,coro,3,5,,,bmm,bmm
ssp,2018,5,31,1,250,944,22,1,sand,3,3,,,bmm,bmm
ssp,2018,5,31,1,250,944,22,1,stfl,3,1,,,bmm,bmm
ssp,2018,5,31,1,250,944,22,1,saso,3,5,,,bmm,bmm
ssp,2018,5,31,1,250,944,22,1,cqbr,3,1,,,bmm,bmm
ssp,2018,5,31,1,250,944,22,1,rogr,3,1,,,bmm,bmm
ssp,2018,5,31,1,250,944,22,1,cabe,3,1,,,bmm,bmm
ssp,2018,5,31,1,250,944,22,1,kegr,3,1,,,bmm,bmm
ssp,2018,5,31,1,250,944,22,1,ungr,3,1,,,bmm,bmm
ssp,2018,5,31,2,20,1006,22,1,stfl,3,1,,,bmm,bmm
ssp,2018,5,31,2,20,1006,22,1,pink,3,22,,,bmm,bmm
ssp,2018,5,31,2,20,1006,22,1,sand,3,13,,,bmm,bmm
ssp,2018,5,31,2,20,1006,22,1,pasa,3,106,,,bmm,bmm
ssp,2018,5,31,2,20,1006,22,1,enso,3,88,,,bmm,bmm
ssp,2018,5,31,2,20,1006,22,1,saso,3,18,,,bmm,bmm
chp,2018,7,10,1,0,629,11,1,pasa,3,2,,,cp,cp
chp,2018,7,10,1,0,629,11,1,busc,3,3,,,cp,cp
chp,2018,7,10,1,0,629,11,1,byro,3,8,,,cp,cp
chp,2018,7,10,1,0,629,11,1,shpe,3,5,,,cp,cp
chp,2018,7,10,1,0,629,11,1,pegu,3,1,,,cp,cp
chp,2018,7,10,1,0,629,11,1,cqbr,3,17,,,cp,cp
chp,2018,7,10,1,0,629,11,1,coso,3,1,,,cp,cp
chp,2018,7,10,1,0,629,11,1,bapi,3,1,,,cp,cp
chp,2018,7,10,1,0,629,11,1,tisc,3,7,,,cp,cp
chp,2018,7,10,1,0,629,11,1,blro,3,1,,,cp,cp
chp,2018,7,10,1,0,629,11,1,cabe,3,1,,,cp,cp
chp,2018,7,10,1,0,629,11,1,sand,3,2,,,cp,cp
chp,2018,7,10,1,0,629,11,1,coro,3,1,,,cp,cp
chp,2018,7,10,2,40,642,11,1,tube,3,4,,,cp,cp
chp,2018,7,10,2,40,642,11,1,shpe,3,6,,,cp,cp
chp,2018,7,10,2,40,642,11,1,bapi,3,1,,,cp,cp
chp,2018,7,10,2,40,642,11,1,masc,3,3,,,cp,cp
chp,2018,7,10,2,40,642,11,1,cabe,3,1,,,cp,cp
chp,2018,7,10,2,40,642,11,1,unar,3,1,,,cp,cp
chp,2018,7,10,2,40,642,11,1,sasc,3,1,,,cp,cp
chp,2018,7,10,2,40,642,11,1,busc,3,1,,,cp,cp
chp,2018,7,10,2,40,642,11,1,pasa,3,3,,,cp,cp
chp,2018,7,10,2,40,642,11,1,byro,3,2,,,cp,cp
chp,2018,7,10,2,40,642,11,1,cqbr,3,1,,,cp,cp
chp,2018,7,10,2,40,642,11,1,tisc,3,5,,,cp,cp
pba,2018,7,10,1,0,451,11,1,thst,3,50,,,cp,cp
pba,2018,7,10,1,0,451,11,1,shpe,2,92,300,,cp,cp
pba,2018,7,10,1,0,451,11,1,tisc,3,9,,,cp,cp
pba,2018,7,10,1,0,451,11,1,enso,3,1,,,cp,cp
pba,2018,7,10,1,0,451,11,1,shpe,1,5,,,cp,cp
pba,2018,7,10,1,0,451,11,1,pipe,3,6,,,cp,cp
pba,2018,7,10,1,0,451,11,1,grsc,3,9,,,cp,cp
pba,2018,7,10,1,0,451,11,1,ling,3,2,,,cp,cp
pba,2018,7,10,1,0,451,11,1,bapi,3,1,,,cp,cp
pba,2018,7,10,1,0,451,11,1,enso,3,15,,,cp,cp
pba,2018,7,10,1,0,451,11,1,pasa,3,9,,,cp,cp
pba,2018,7,10,1,0,451,11,1,busc,3,1,,,cp,cp
pba,2018,7,10,1,0,451,11,1,stsc,3,1,,,cp,cp
pba,2018,7,10,1,0,451,11,1,unar,3,2,,,cp,cp
pba,2018,7,10,1,0,451,11,1,cabe,3,1,,,cp,cp
pba,2018,7,10,2,20,507,11,1,thst,3,87,10,,kb,kb
pba,2018,7,10,2,20,507,11,1,enso,3,24,,,kb,kb
pba,2018,7,10,2,20,507,11,1,grsc,3,10,,,kb,kb
pba,2018,7,10,2,20,507,11,1,pasa,3,11,,,kb,kb
pba,2018,7,10,2,20,507,11,1,tisc,3,6,,,kb,kb
pba,2018,7,10,2,20,507,11,1,bapi,3,1,,,kb,kb
pba,2018,7,10,2,20,507,11,1,busc,3,1,,,kb,kb
pba,2018,7,10,2,20,507,11,1,stpe,3,1,,,kb,kb
pba,2018,7,10,2,20,507,11,1,unar,3,2,,,kb,kb
pba,2018,7,10,2,20,507,11,1,stsc,3,2,,,kb,kb
pba,2018,7,10,2,20,507,11,1,snpr,3,3,,,kb,kb
pba,2018,7,10,2,20,507,11,1,blgo,3,1,,,kb,kb
pba,2018,7,10,2,20,507,11,1,cabe,3,1,,,kb,kb
pba,2018,7,10,2,20,507,11,1,whgr,3,1,,,kb,kb
pba,2018,7,10,2,20,507,11,1,shpe,3,0,100,,kb,kb
hdo,2018,7,11,1,60,736,11,1,shpe,2,111,200,,kb,kb
hdo,2018,7,11,1,60,736,11,1,pasa,3,9,,,kb,kb
hdo,2018,7,11,1,60,736,11,1,bapi,3,34,,,kb,kb
hdo,2018,7,11,1,60,736,11,1,tube,3,1,,,kb,kb
hdo,2018,7,11,1,60,736,11,1,sisc,3,1,,,kb,kb
hdo,2018,7,11,1,60,736,11,1,thst,3,1,,,kb,kb
hdo,2018,7,11,1,60,736,11,1,shpe,1,2,,,kb,kb
hdo,2018,7,11,1,60,736,11,1,grsc,3,9,,,kb,kb
hdo,2018,7,11,1,60,736,11,1,stsc,3,80,100,,kb,kb
hdo,2018,7,11,1,60,736,11,1,enso,3,9,,,kb,kb
hdo,2018,7,11,1,60,736,11,1,ling,3,3,,,kb,kb
hdo,2018,7,11,1,60,736,11,1,cabe,3,1,,,kb,kb
hdo,2018,7,11,1,60,736,11,1,snpr,3,1,,,kb,kb
hdo,2018,7,11,1,60,736,11,1,crgu,3,1,,,kb,kb
hdo,2018,7,11,1,60,736,11,1,stfl,3,2,,,kb,kb
hdo,2018,7,11,1,60,736,11,1,busc,3,1,,,kb,kb
hdo,2018,7,11,1,60,736,11,1,tomc,3,1,,,kb,kb
hdo,2018,7,11,1,60,736,11,1,unla,3,29,,,kb,kb
hdo,2018,7,11,2,5,745,11,1,stfl,3,1,,,kb,kb
hdo,2018,7,11,2,5,745,11,1,bapi,3,4,,,kb,kb
hdo,2018,7,11,2,5,745,11,1,thst,3,41,,,kb,kb
hdo,2018,7,11,2,5,745,11,1,grsc,3,5,,,kb,kb
hdo,2018,7,11,2,5,745,11,1,pasa,3,5,,,kb,kb
hdo,2018,7,11,2,5,745,11,1,enso,3,5,,,kb,kb
hdo,2018,7,11,2,5,745,11,1,shpe,1,3,,,kb,kb
hdo,2018,7,11,2,5,745,11,1,ling,3,1,,,kb,kb
hdo,2018,7,11,2,5,745,11,1,stsc,3,,30,,kb,kb
hdo,2018,7,11,2,5,745,11,1,shpe,2,,10,,kb,kb
hab4,2018,7,11,1,50,445,11,1,stsc,3,1,,,TF,TF
hab4,2018,7,11,1,50,445,11,1,enso,3,17,,,TF,TF
hab4,2018,7,11,1,50,445,11,1,grsc,3,69,,,TF,TF
hab4,2018,7,11,1,50,445,11,1,ling,3,5,,,TF,TF
hab4,2018,7,11,1,50,445,11,1,stsc,3,42,,,TF,TF
hab4,2018,7,11,1,50,445,11,1,crgu,3,51,,,TF,TF
hab4,2018,7,11,1,50,445,11,1,susm,3,1,,,TF,TF
hab4,2018,7,11,1,50,445,11,1,tisc,3,26,,,TF,TF
hab4,2018,7,11,1,50,445,11,1,pegu,3,5,,,TF,TF
hab4,2018,7,11,1,50,445,11,1,stfl,3,8,,,TF,TF
hab4,2018,7,11,1,50,445,11,1,busc,3,2,,,TF,TF
hab4,2018,7,11,1,50,445,11,1,unla,3,1,,,TF,TF
hab4,2018,7,11,1,50,445,11,1,pasa,3,2,,,TF,TF
hab4,2018,7,11,1,50,445,11,1,unsc,3,1,,,TF,TF
hab4,2018,7,11,1,50,445,11,1,hico,3,1,,,TF,TF
hab4,2018,7,11,2,200,455,11,1,susm,3,1,,,TF,TF
hab4,2018,7,11,2,200,455,11,1,grsc,3,23,,,TF,TF
hab4,2018,7,11,2,200,455,11,1,stsc,3,45,,,TF,TF
hab4,2018,7,11,2,200,455,11,1,tisc,3,14,,,TF,TF
hab4,2018,7,11,2,200,455,11,1,crgu,3,13,,,TF,TF
hab4,2018,7,11,2,200,455,11,1,bapi,3,12,,,TF,TF
hab4,2018,7,11,2,200,455,11,1,stfl,3,17,,,TF,TF
hab4,2018,7,11,2,200,455,11,1,busc,3,1,,,TF,TF
hab4,2018,7,11,2,200,455,11,1,reil,3,2,,,TF,TF
hab4,2018,7,11,2,200,455,11,1,pegu,3,1,,,TF,TF
hab4,2018,7,11,2,200,455,11,1,blgo,3,2,,,TF,TF
hab4,2018,7,11,2,200,455,11,1,unla,3,9,,,TF,TF
hab4,2018,7,11,2,200,455,11,1,snpr,3,1,,,TF,TF
hab4,2018,7,11,2,200,455,11,1,hico,3,1,,,TF,TF
hab4,2018,7,11,2,200,455,11,1,unar,3,1,,,TF,TF
hab4,2018,7,11,2,200,455,11,1,shpe,3,5,,,TF,TF
hab4,2018,7,11,2,200,455,11,1,whgr,3,1,,,TF,TF
hab4,2018,7,11,2,200,455,11,1,thst,3,1,,,TF,TF
hab4,2018,7,11,2,200,455,11,1,unco,3,1,,,TF,TF
ppo,2018,7,11,1,5,630,11,1,shpe,2,12,,,CP,CP
ppo,2018,7,11,1,5,630,11,1,thst,3,1,,,CP,CP
ppo,2018,7,11,1,5,630,11,1,bapi,3,23,,,CP,CP
ppo,2018,7,11,1,5,630,11,1,herr,3,6,,,CP,CP
ppo,2018,7,11,1,5,630,11,1,shpe,1,6,,,CP,CP
ppo,2018,7,11,1,5,630,11,1,ling,3,5,,,CP,CP
ppo,2018,7,11,1,5,630,11,1,rbsc,3,1,,,CP,CP
ppo,2018,7,11,1,5,630,11,1,pasa,3,1,,,CP,CP
ppo,2018,7,11,1,5,630,11,1,tisc,3,1,,,CP,CP
ppo,2018,7,11,1,5,630,11,1,reil,3,5,,,CP,CP
ppo,2018,7,11,1,5,630,11,1,blgo,3,2,,,CP,CP
ppo,2018,7,11,1,5,630,11,1,tube,3,1,,,CP,CP
ppo,2018,7,11,1,5,630,11,1,unar,3,5,,,CP,CP
ppo,2018,7,11,1,5,630,11,1,yero,3,1,,,CP,CP
ppo,2018,7,11,2,5,630,11,1,shpe,2,21,,,CP,CP
ppo,2018,7,11,2,5,630,11,1,shpe,1,16,,,CP,CP
ppo,2018,7,11,2,5,630,11,1,enso,3,16,,,CP,CP
ppo,2018,7,11,2,5,630,11,1,busc,3,2,,,CP,CP
ppo,2018,7,11,2,5,630,11,1,sisc,3,72,,,CP,CP
ppo,2018,7,11,2,5,630,11,1,bapi,3,7,,,CP,CP
ppo,2018,7,11,2,5,630,11,1,grsc,3,4,,,CP,CP
ppo,2018,7,11,2,5,630,11,1,tisc,3,43,,,CP,CP
ppo,2018,7,11,2,5,630,11,1,unar,3,6,,,CP,CP
ppo,2018,7,11,2,5,630,11,1,pypo,3,1,,,CP,CP
ppo,2018,7,11,2,5,630,11,1,pasa,3,3,,,CP,CP
ppo,2018,7,11,2,5,630,11,1,unla,3,1,,,CP,CP
ppo,2018,7,11,2,5,630,11,1,ling,3,119,,,CP,CP
ppo,2018,7,11,2,5,630,11,1,blgo,3,1,,,CP,CP
ppo,2018,7,11,2,5,630,11,1,pegu,3,1,,,CP,CP
ppo,2018,7,11,2,5,630,11,1,rbsc,3,2,,,CP,CP
hab2,2018,7,12,1,300,508,22,1,sand,3,270,150,,zm,zm
hab2,2018,7,12,1,300,508,22,1,shpe,2,11,,,zm,zm
hab2,2018,7,12,1,300,508,22,1,pasa,3,8,,,zm,zm
hab2,2018,7,12,1,300,508,22,1,repe,2,6,,,zm,zm
hab2,2018,7,12,1,300,508,22,1,saso,3,16,,,zm,zm
hab2,2018,7,12,1,300,508,22,1,enso,3,6,,,zm,zm
hab2,2018,7,12,1,300,508,22,1,stsc,2,1,,,zm,zm
hab2,2018,7,12,1,300,508,22,1,susm,3,1,,,zm,zm
hab2,2018,7,12,1,300,508,22,1,stfl,2,1,,,zm,zm
hab2,2018,7,12,2,180,530,22,1,herr,1,11,,,zm,zm
hab2,2018,7,12,2,180,530,22,1,repe,2,3,,,zm,zm
hab2,2018,7,12,2,180,530,22,1,shpe,2,7,,,zm,zm
hab2,2018,7,12,2,180,530,22,1,enso,3,14,,,zm,zm
hab2,2018,7,12,2,180,530,22,1,pasa,3,28,,,zm,zm
hab2,2018,7,12,2,180,530,22,1,stfl,3,1,,,zm,zm
hab2,2018,7,12,2,180,530,22,1,saso,3,,,,zm,zm
hab2,2018,7,12,2,180,530,22,1,unla,1,1,,,zm,zm
hab2,2018,7,12,2,180,530,22,1,sand,3,101,100,,zm,zm
hab2,2018,7,12,2,180,530,22,1,stsc,2,1,,,zm,zm
wfb,2018,7,12,1,150,611,22,1,susm,2,39,,,OP,OP
wfb,2018,7,12,1,150,611,22,1,pasa,3,75,31,,OP,OP
wfb,2018,7,12,1,150,611,22,1,sand,3,666,500,,OP,OP
wfb,2018,7,12,1,150,611,22,1,enso,3,142,58,,OP,OP
wfb,2018,7,12,1,150,611,22,1,saso,3,27,11,,OP,OP
wfb,2018,7,12,1,150,611,22,1,stsc,3,16,,,OP,OP
wfb,2018,7,12,1,150,611,22,1,herr,3,5,,,OP,OP
wfb,2018,7,12,1,150,611,22,1,pegu,3,1,,,OP,OP
wfb,2018,7,12,1,150,611,22,1,unla,3,24,,,OP,OP
wfb,2018,7,12,2,30,638,22,1,sand,3,301,300,,OP,OP
wfb,2018,7,12,2,30,638,22,1,pasa,3,42,3,,OP,OP
wfb,2018,7,12,2,30,638,22,1,saso,3,69,5,,OP,OP
wfb,2018,7,12,2,30,638,22,1,enso,3,31,2,,OP,OP
ssp,2018,7,12,1,180,736,22,1,shpe,2,12,,,ZM,ZM
ssp,2018,7,12,1,180,736,22,1,bapi,3,2,,,ZM,ZM
ssp,2018,7,12,1,180,736,22,1,tube,3,5,,,ZM,ZM
ssp,2018,7,12,1,180,736,22,1,cqbr,1,445,200,,ZM,ZM
ssp,2018,7,12,1,180,736,22,1,ling,1,3,,,ZM,ZM
ssp,2018,7,12,1,180,736,22,1,sisc,3,12,,,ZM,ZM
ssp,2018,7,12,1,180,736,22,1,herr,1,1,,,ZM,ZM
ssp,2018,7,12,1,180,736,22,1,coro,3,9,,,ZM,ZM
ssp,2018,7,12,1,180,736,22,1,rogr,2,2,,,ZM,ZM
ssp,2018,7,12,1,180,736,22,1,pegu,3,5,,,ZM,ZM
ssp,2018,7,12,1,180,736,22,1,byro,1,1,,,ZM,ZM
ssp,2018,7,12,1,180,736,22,1,coso,3,1,,,ZM,ZM
ssp,2018,7,12,1,180,736,22,1,kegr,3,12,,,ZM,ZM
ssp,2018,7,12,1,180,736,22,1,reil,3,1,,,ZM,ZM
ssp,2018,7,12,1,180,736,22,1,crgu,3,1,,,ZM,ZM
ssp,2018,7,12,1,180,736,22,1,enso,3,155,153,,ZM,ZM
ssp,2018,7,12,1,180,736,22,1,pasa,3,120,120,,ZM,ZM
ssp,2018,7,12,1,180,736,22,1,saso,3,26,26,,ZM,ZM
ssp,2018,7,12,2,40,800,22,1,enso,3,111,,,ZM,ZM
ssp,2018,7,12,2,40,800,22,1,pasa,3,87,,,ZM,ZM
ssp,2018,7,12,2,40,800,22,1,saso,3,19,,,ZM,ZM
ssp,2018,7,12,2,40,800,22,1,stfl,1,1,,,ZM,ZM
ssp,2018,7,12,2,40,800,22,1,sand,3,1,,,ZM,ZM
kis1,2018,7,13,1,25,649,11,2,sisc,3,2,,,ZM,TF
kis1,2018,7,13,1,25,649,11,2,busc,3,2,,,ZM,TF
kis1,2018,7,13,1,25,649,11,2,kegr,3,6,,,ZM,TF
kis1,2018,7,13,1,25,649,11,2,byro,1,9,,,ZM,TF
kis1,2018,7,13,1,25,649,11,2,pegu,3,5,,,ZM,TF
kis1,2018,7,13,1,25,649,11,2,shpe,2,8,,,ZM,TF
kis1,2018,7,13,1,25,649,11,2,crgu,3,12,,,ZM,TF
kis1,2018,7,13,1,25,649,11,2,unar,3,3,,,ZM,TF
kis1,2018,7,13,1,25,649,11,2,cabe,3,1,,,ZM,TF
kis1,2018,7,13,1,25,649,11,2,coro,1,1,,,ZM,TF
kis1,2018,7,13,1,25,649,11,2,tisc,3,1,,,ZM,TF
kis1,2018,7,13,1,25,649,11,2,masc,3,9,,,ZM,TF
kis1,2018,7,13,1,25,649,11,2,bapi,3,3,,,ZM,TF
kis1,2018,7,13,1,25,649,11,2,reil,3,1,,,ZM,TF
kis1,2018,7,13,1,25,649,11,2,enso,3,1,,,ZM,TF
kis1,2018,7,13,1,25,649,11,2,unsc,3,1,,,ZM,TF
kis1,2018,7,13,2,5,701,11,1,shpe,2,19,,,ZM,TF
kis1,2018,7,13,2,5,701,11,1,stsc,3,1,,,ZM,TF
kis1,2018,7,13,2,5,701,11,1,bapi,3,1,,,ZM,TF
kis1,2018,7,13,2,5,701,11,1,sand,3,28,,,ZM,TF
kis1,2018,7,13,2,5,701,11,1,enso,3,22,,,ZM,TF
kis1,2018,7,13,2,5,701,11,1,crgu,3,6,,,ZM,TF
kis1,2018,7,13,2,5,701,11,1,rbsc,3,2,,,ZM,TF
kis1,2018,7,13,2,5,701,11,1,pegu,3,8,,,ZM,TF
kis1,2018,7,13,2,5,701,11,1,byro,1,2,,,ZM,TF
kis1,2018,7,13,2,5,701,11,1,masc,3,6,,,ZM,TF
kis1,2018,7,13,2,5,701,11,1,kegr,1,3,,,ZM,TF
kis1,2018,7,13,2,5,701,11,1,busc,3,4,,,ZM,TF
kis1,2018,7,13,2,5,701,11,1,tube,1,2,,,ZM,TF
kis1,2018,7,13,2,5,701,11,1,unar,3,3,,,ZM,TF
kis1,2018,7,13,2,5,701,11,1,pasa,3,3,,,ZM,TF
kis1,2018,7,13,2,5,701,11,1,reil,3,2,,,ZM,TF
kis1,2018,7,13,2,5,701,11,1,unsc,3,1,,,ZM,TF
kis2,2018,7,13,1,4,759,11,1,herr,1,3120,3000,,ZM,TF
kis2,2018,7,13,1,4,759,11,1,sand,3,2120,2000,,ZM,TF
kis2,2018,7,13,1,4,759,11,1,paco,1,3,,,ZM,TF
kis2,2018,7,13,1,4,759,11,1,shpe,2,7,,,ZM,TF
kis2,2018,7,13,1,4,759,11,1,enso,3,9,,,ZM,TF
kis2,2018,7,13,1,4,759,11,1,kegr,3,9,,,ZM,TF
kis2,2018,7,13,1,4,759,11,1,reil,3,2,,,ZM,TF
kis2,2018,7,13,1,4,759,11,1,pasa,3,4,,,ZM,TF
kis2,2018,7,13,1,4,759,11,1,ling,1,1,,,ZM,TF
kis2,2018,7,13,1,4,759,11,1,pegu,3,1,,,ZM,TF
kis2,2018,7,13,1,4,759,11,1,masc,3,1,,,ZM,TF
kis2,2018,7,13,1,4,759,11,1,hico,3,1,,,ZM,TF
kis2,2018,7,13,1,4,759,11,1,saso,3,1,,,ZM,TF
kis2,2018,7,13,2,20,810,11,1,pasa,3,12,,,ZM,TF
kis2,2018,7,13,2,20,810,11,1,kegr,3,25,,,ZM,TF
kis2,2018,7,13,2,20,810,11,1,reil,3,4,,,ZM,TF
kis2,2018,7,13,2,20,810,11,1,masc,3,21,,,ZM,TF
kis2,2018,7,13,2,20,810,11,1,byro,1,4,,,ZM,TF
kis2,2018,7,13,2,20,810,11,1,shpe,2,4,,,ZM,TF
kis2,2018,7,13,2,20,810,11,1,enso,3,26,,,ZM,TF
kis2,2018,7,13,2,20,810,11,1,rogr,3,1,,,ZM,TF
kis2,2018,7,13,2,20,810,11,1,unar,3,3,,,ZM,TF
kis2,2018,7,13,2,20,810,11,1,crgu,3,4,,,ZM,TF
kis2,2018,7,13,2,20,810,11,1,cabe,1,1,,,ZM,TF
kis2,2018,7,13,2,20,810,11,1,busc,3,4,,,ZM,TF
kis2,2018,7,13,2,20,810,11,1,bapi,3,3,,,ZM,TF
kis2,2018,7,13,2,20,810,11,1,shpe,1,2,,,ZM,TF
kis2,2018,7,13,2,20,810,11,1,pegu,3,4,,,ZM,TF
kis2,2018,7,13,2,20,810,11,1,stsc,3,1,,,ZM,TF
kis2,2018,7,13,2,20,810,11,1,whgr,1,1,,,ZM,TF
kis2,2018,7,13,2,20,810,11,1,herr,1,50,50,,ZM,TF
kis2,2018,7,13,2,20,810,11,1,sand,3,300,300,,ZM,TF
gog1,2018,7,14,1,30,931,11,1,bapi,3,52,,,TF,TF
gog1,2018,7,14,1,30,931,11,1,cqbr,1,40,,,TF,TF
gog1,2018,7,14,1,30,931,11,1,tube,3,45,,,TF,TF
gog1,2018,7,14,1,30,931,11,1,masc,3,6,,,TF,TF
gog1,2018,7,14,1,30,931,11,1,pegu,3,28,,,TF,TF
gog1,2018,7,14,1,30,931,11,1,kegr,3,20,,,TF,TF
gog1,2018,7,14,1,30,931,11,1,shpe,2,8,,,TF,TF
gog1,2018,7,14,1,30,931,11,1,pasa,1,7,,,TF,TF
gog1,2018,7,14,1,30,931,11,1,sisc,3,19,,,TF,TF
gog1,2018,7,14,1,30,931,11,1,shpe,1,2,,,TF,TF
gog1,2018,7,14,1,30,931,11,1,crgu,3,7,,,TF,TF
gog1,2018,7,14,1,30,931,11,1,tupo,3,4,,,TF,TF
gog1,2018,7,14,1,30,931,11,1,busc,3,2,,,TF,TF
gog1,2018,7,14,1,30,931,11,1,ling,3,1,,,TF,TF
gog1,2018,7,14,1,30,931,11,1,reil,3,1,,,TF,TF
gog1,2018,7,14,1,30,931,11,1,stsc,3,1,,,TF,TF
gog1,2018,7,14,1,30,931,11,1,byro,1,1,,,TF,TF
gog1,2018,7,14,1,30,931,11,1,cabe,3,3,,,TF,TF
gog1,2018,7,14,1,30,931,11,1,enso,3,2,,,TF,TF
gog1,2018,7,14,1,30,931,11,1,nocl,3,2,,,TF,TF
gog1,2018,7,14,1,30,931,11,1,unar,3,1,,,TF,TF
gog1,2018,7,14,1,30,931,11,1,coso,3,1,,,TF,TF
gog1,2018,7,14,1,30,931,11,1,kecl,3,2,,,TF,TF
gog1,2018,7,14,1,30,931,11,1,unla,1,1,,,TF,TF
gog1,2018,7,14,1,30,931,11,1,stsc,3,1,,,TF,TF
gog1,2018,7,14,2,30,931,11,1,shpe,1,556,400,,TF,TF
gog1,2018,7,14,2,30,931,11,1,bapi,3,34,,,TF,TF
gog1,2018,7,14,2,30,931,11,1,cqbr,1,83,,,TF,TF
gog1,2018,7,14,2,30,931,11,1,sisc,3,42,,,TF,TF
gog1,2018,7,14,2,30,931,11,1,pasa,3,4,,,TF,TF
gog1,2018,7,14,2,30,931,11,1,tube,3,26,,,TF,TF
gog1,2018,7,14,2,30,931,11,1,kecl,3,5,,,TF,TF
gog1,2018,7,14,2,30,931,11,1,kegr,3,21,,,TF,TF
gog1,2018,7,14,2,30,931,11,1,pegu,3,32,,,TF,TF
gog1,2018,7,14,2,30,931,11,1,cabe,3,3,,,TF,TF
gog1,2018,7,14,2,30,931,11,1,crgu,3,9,,,TF,TF
gog1,2018,7,14,2,30,931,11,1,shpe,2,35,,,TF,TF
gog1,2018,7,14,2,30,931,11,1,enso,3,2,,,TF,TF
gog1,2018,7,14,2,30,931,11,1,stsc,3,4,,,TF,TF
gog1,2018,7,14,2,30,931,11,1,ling,3,1,,,TF,TF
gog1,2018,7,14,2,30,931,11,1,kecl,3,6,,,TF,TF
gog1,2018,7,14,2,30,931,11,1,busc,3,2,,,TF,TF
gog1,2018,7,14,2,30,931,11,1,tupo,3,1,,,TF,TF
gog1,2018,7,14,2,30,931,11,1,masc,3,3,,,TF,TF
gog1,2018,7,14,2,30,931,11,1,nocl,3,1,,,TF,TF
gog4,2018,7,14,2,80,950,11,1,enso,3,35,,,TF,TF
gog4,2018,7,14,2,80,950,11,1,pasa,3,13,,,TF,TF
gog4,2018,7,14,2,80,950,11,1,saso,3,2,,,TF,TF
gog4,2018,7,14,2,80,950,11,1,stsc,3,7,,,TF,TF
gog4,2018,7,14,2,80,950,11,1,shpe,3,1,,,TF,TF
gog4,2018,7,14,2,80,950,11,1,tupo,3,7,,,TF,TF
gog4,2018,7,14,2,80,950,11,1,pegu,3,1,,,TF,TF
gog4,2018,7,14,1,30,931,11,1,cqbr,1,139,,,TF,TF
gog4,2018,7,14,1,30,931,11,1,byro,1,62,,,TF,TF
gog4,2018,7,14,1,30,931,11,1,shpe,1,8,,,TF,TF
gog4,2018,7,14,1,30,931,11,1,pasa,3,37,,,TF,TF
gog4,2018,7,14,1,30,931,11,1,enso,3,105,,,TF,TF
gog4,2018,7,14,1,30,931,11,1,coro,3,1,,,TF,TF
gog4,2018,7,14,1,30,931,11,1,tube,3,15,,,TF,TF
gog4,2018,7,14,1,30,931,11,1,coso,3,1,,,TF,TF
gog4,2018,7,14,1,30,931,11,1,kegr,3,25,,,TF,TF
gog4,2018,7,14,1,30,931,11,1,bapi,3,13,,,TF,TF
gog4,2018,7,14,1,30,931,11,1,pegu,3,6,,,TF,TF
gog4,2018,7,14,1,30,931,11,1,saso,3,6,,,TF,TF
gog4,2018,7,14,1,30,931,11,1,shpe,3,1,,,TF,TF
gog4,2018,7,14,1,30,931,11,1,kecl,3,11,,,TF,TF
gog4,2018,7,14,1,30,931,11,1,tisc,3,4,,,TF,TF
gog4,2018,7,14,1,30,931,11,1,masc,3,7,,,TF,TF
gog4,2018,7,14,1,30,931,11,1,unar,3,41,,,TF,TF
gog4,2018,7,14,1,30,931,11,1,unro,3,2,,,TF,TF
gog4,2018,7,14,1,30,931,11,1,boro,3,1,,,TF,TF
gog4,2018,7,14,1,30,931,11,1,cabe,3,2,,,TF,TF
gog4,2018,7,14,1,30,931,11,1,wall,3,1,,,TF,TF
gog4,2018,7,14,1,30,931,11,1,paco,3,1,,,TF,TF
gog4,2018,7,14,1,30,931,11,1,sisc,3,1,,,TF,TF
gog4,2018,7,14,1,30,931,11,1,stsc,3,1,,,TF,TF
gog4,2018,7,14,1,30,931,11,1,nocl,3,4,,,TF,TF
gog4,2018,7,14,1,30,931,11,1,ling,3,1,,,TF,TF
gog4,2018,7,14,1,30,931,11,1,unsc,3,1,,,TF,TF
gog4,2018,7,14,1,30,931,11,1,rosc,3,1,,,TF,TF
fan1,2018,7,15,1,150,830,11,1,shpe,1,11,,,TF,TF
fan1,2018,7,15,1,150,830,11,1,byro,1,6,,,TF,TF
fan1,2018,7,15,1,150,830,11,1,tube,3,14,,,TF,TF
fan1,2018,7,15,1,150,830,11,1,pegu,3,24,,,TF,TF
fan1,2018,7,15,1,150,830,11,1,masc,3,65,,,TF,TF
fan1,2018,7,15,1,150,830,11,1,cabe,3,2,,,TF,TF
fan1,2018,7,15,1,150,830,11,1,crgu,3,7,,,TF,TF
fan1,2018,7,15,1,150,830,11,1,kegr,3,14,,,TF,TF
fan1,2018,7,15,1,150,830,11,1,coro,3,3,,,TF,TF
fan1,2018,7,15,1,150,830,11,1,tisc,3,9,,,TF,TF
fan1,2018,7,15,1,150,830,11,1,enso,3,4,,,TF,TF
fan1,2018,7,15,1,150,830,11,1,shpe,3,8,,,TF,TF
fan1,2018,7,15,1,150,830,11,1,sisc,3,1,,,TF,TF
fan1,2018,7,15,1,150,830,11,1,reil,3,4,,,TF,TF
fan1,2018,7,15,1,150,830,11,1,pasa,3,3,,,TF,TF
fan1,2018,7,15,1,150,830,11,1,busc,3,1,,,TF,TF
fan1,2018,7,15,1,150,830,11,1,unar,3,1,,,TF,TF
fan1,2018,7,15,1,150,830,11,1,unsc,3,1,,,TF,TF
fan1,2018,7,15,2,25,845,11,1,masc,3,81,,,TF,TF
fan1,2018,7,15,2,25,845,11,1,blro,3,10,,,TF,TF
fan1,2018,7,15,2,25,845,11,1,kegr,3,10,,,TF,TF
fan1,2018,7,15,2,25,845,11,1,sisc,3,5,,,TF,TF
fan1,2018,7,15,2,25,845,11,1,shpe,2,8,,,TF,TF
fan1,2018,7,15,2,25,845,11,1,tisc,3,9,,,TF,TF
fan1,2018,7,15,2,25,845,11,1,tube,3,10,,,TF,TF
fan1,2018,7,15,2,25,845,11,1,cqbr,1,7,,,TF,TF
fan1,2018,7,15,2,25,845,11,1,reil,3,30,,,TF,TF
fan1,2018,7,15,2,25,845,11,1,pegu,3,18,,,TF,TF
fan1,2018,7,15,2,25,845,11,1,sand,3,5,,,TF,TF
fan1,2018,7,15,2,25,845,11,1,crgu,3,3,,,TF,TF
fan1,2018,7,15,2,25,845,11,1,bapi,3,2,,,TF,TF
fan1,2018,7,15,2,25,845,11,1,coro,3,2,,,TF,TF
fan1,2018,7,15,2,25,845,11,1,pasa,3,1,,,TF,TF
fan1,2018,7,15,2,25,845,11,1,whgr,3,1,,,TF,TF
fan1,2018,7,15,2,25,845,11,1,busc,3,1,,,TF,TF
fan1,2018,7,15,2,25,845,11,1,byro,3,1,,,TF,TF
fan1,2018,7,15,2,25,845,11,1,ling,3,2,,,TF,TF
fan1,2018,7,15,2,25,845,11,1,stsc,3,1,,,TF,TF
fan1,2018,7,15,2,25,845,11,1,unar,3,1,,,TF,TF
fan1,2018,7,15,2,25,845,11,1,enso,3,3,,,TF,TF
fan1,2018,7,15,2,25,845,11,1,kecl,3,1,,,TF,TF
fan3,2018,7,15,1,30,1000,11,1,ling,3,7,,,CP,CP
fan3,2018,7,15,1,30,1000,11,1,kegr,3,34,,,CP,CP
fan3,2018,7,15,1,30,1000,11,1,bapi,3,15,,,CP,CP
fan3,2018,7,15,1,30,1000,11,1,sisc,3,49,,,CP,CP
fan3,2018,7,15,1,30,1000,11,1,pegu,3,9,,,CP,CP
fan3,2018,7,15,1,30,1000,11,1,shpe,2,20,,,CP,CP
fan3,2018,7,15,1,30,1000,11,1,crgu,3,5,,,CP,CP
fan3,2018,7,15,1,30,1000,11,1,cabe,3,5,,,CP,CP
fan3,2018,7,15,1,30,1000,11,1,reil,3,3,,,CP,CP
fan3,2018,7,15,1,30,1000,11,1,coro,3,2,,,CP,CP
fan3,2018,7,15,1,30,1000,11,1,whgr,3,5,,,CP,CP
fan3,2018,7,15,1,30,1000,11,1,tisc,3,7,,,CP,CP
fan3,2018,7,15,1,30,1000,11,1,masc,3,2,,,CP,CP
fan3,2018,7,15,1,30,1000,11,1,cqbr,3,1,,,CP,CP
fan3,2018,7,15,2,125,1010,11,1,bapi,3,36,,,CP,CP
fan3,2018,7,15,2,125,1010,11,1,shpe,2,76,,,CP,CP
fan3,2018,7,15,2,125,1010,11,1,shpe,1,2,,,CP,CP
fan3,2018,7,15,2,125,1010,11,1,sisc,3,65,,,CP,CP
fan3,2018,7,15,2,125,1010,11,1,pegu,3,48,,,CP,CP
fan3,2018,7,15,2,125,1010,11,1,blro,3,1,,,CP,CP
fan3,2018,7,15,2,125,1010,11,1,ling,3,6,,,CP,CP
fan3,2018,7,15,2,125,1010,11,1,cqbr,3,1,,,CP,CP
fan3,2018,7,15,2,125,1010,11,1,kegr,3,47,,,CP,CP
fan3,2018,7,15,2,125,1010,11,1,coro,3,16,,,CP,CP
fan3,2018,7,15,2,125,1010,11,1,masc,3,7,,,CP,CP
fan3,2018,7,15,2,125,1010,11,1,tisc,3,13,,,CP,CP
fan3,2018,7,15,2,125,1010,11,1,enso,3,1,,,CP,CP
fan3,2018,7,15,2,125,1010,11,1,crgu,3,8,,,CP,CP
fan3,2018,7,15,2,125,1010,11,1,stsc,3,1,,,CP,CP
fan3,2018,7,15,2,125,1010,11,1,sfsc,3,1,,,CP,CP
fan3,2018,7,15,2,125,1010,11,1,cabe,3,2,,,CP,CP
fan3,2018,7,15,2,125,1010,11,1,byro,3,2,,,CP,CP
sni1,2018,7,16,1,40,929,11,1,herr,3,117,,,CP,CP
sni1,2018,7,16,1,40,929,11,1,tisc,3,36,,,CP,CP
sni1,2018,7,16,1,40,929,11,1,grsc,3,8,,,CP,CP
sni1,2018,7,16,1,40,929,11,1,pasa,3,6,,,CP,CP
sni1,2018,7,16,1,40,929,11,1,chin,3,4,,,CP,CP
sni1,2018,7,16,1,40,929,11,1,unar,3,3,,,CP,CP
sni1,2018,7,16,1,40,929,11,1,crgu,3,15,,,CP,CP
sni1,2018,7,16,1,40,929,11,1,bapi,3,2,,,CP,CP
sni1,2018,7,16,1,40,929,11,1,snpr,3,4,,,CP,CP
sni1,2018,7,16,1,40,929,11,1,hico,3,1,,,CP,CP
sni1,2018,7,16,2,20,935,11,1,bapi,3,25,,,CP,CP
sni1,2018,7,16,2,20,935,11,1,ling,3,3,,,CP,CP
sni1,2018,7,16,2,20,935,11,1,crgu,3,22,,,CP,CP
sni1,2018,7,16,2,20,935,11,1,tube,3,10,,,CP,CP
sni1,2018,7,16,2,20,935,11,1,tisc,3,52,,,CP,CP
sni1,2018,7,16,2,20,935,11,1,unar,3,10,,,CP,CP
sni1,2018,7,16,2,20,935,11,1,grsc,3,7,,,CP,CP
sni1,2018,7,16,2,20,935,11,1,snpr,3,13,,,CP,CP
sni1,2018,7,16,2,20,935,11,1,pasa,3,4,,,CP,CP
sni2,2018,7,16,1,50,1110,11,1,herr,3,163,,,CP,CP
sni2,2018,7,16,1,50,1110,11,1,sand,3,7,,,CP,CP
sni2,2018,7,16,1,50,1110,11,1,grsc,3,10,,,CP,CP
sni2,2018,7,16,1,50,1110,11,1,unar,3,6,,,CP,CP
sni2,2018,7,16,1,50,1110,11,1,kegr,3,3,,,CP,CP
sni2,2018,7,16,1,50,1110,11,1,crgu,3,3,,,CP,CP
sni2,2018,7,16,1,50,1110,11,1,blgo,3,4,,,CP,CP
sni2,2018,7,16,1,50,1110,11,1,enso,3,10,,,CP,CP
sni2,2018,7,16,1,50,1110,11,1,busc,3,1,,,CP,CP
sni2,2018,7,16,2,10,1115,11,1,grsc,3,4,,,CP,CP
sni2,2018,7,16,2,10,1115,11,1,cqbr,3,2,,,CP,CP
sni2,2018,7,16,2,10,1115,11,1,enso,3,15,,,CP,CP
sni2,2018,7,16,2,10,1115,11,1,tisc,3,4,,,CP,CP
sni2,2018,7,16,2,10,1115,11,1,kegr,3,1,,,CP,CP
sni2,2018,7,16,2,10,1115,11,1,pasa,3,7,,,CP,CP
sni2,2018,7,16,2,10,1115,11,1,crgu,3,3,,,CP,CP
sni2,2018,7,16,2,10,1115,11,1,cabe,3,1,,,CP,CP
sni2,2018,7,16,2,10,1115,11,1,nocl,3,1,,,CP,CP
sni2,2018,7,16,2,10,1115,11,1,herr,3,20,20,,CP,CP
fei4,2018,7,17,1,50,955,11,1,crgu,3,260,200,,CP,CP
fei4,2018,7,17,1,50,955,11,1,bapi,3,28,,,CP,CP
fei4,2018,7,17,1,50,955,11,1,shpe,1,16,,,CP,CP
fei4,2018,7,17,1,50,955,11,1,cqbr,3,64,,,CP,CP
fei4,2018,7,17,1,50,955,11,1,thst,3,1,,,CP,CP
fei4,2018,7,17,1,50,955,11,1,stpe,3,5,,,CP,CP
fei4,2018,7,17,1,50,955,11,1,stsc,3,8,,,CP,CP
fei4,2018,7,17,1,50,955,11,1,shpe,2,18,,,CP,CP
fei4,2018,7,17,1,50,955,11,1,reil,3,9,,,CP,CP
fei4,2018,7,17,1,50,955,11,1,sisc,3,5,,,CP,CP
fei4,2018,7,17,1,50,955,11,1,whgr,3,1,,,CP,CP
fei4,2018,7,17,1,50,955,11,1,snpr,3,7,,,CP,CP
fei4,2018,7,17,1,50,955,11,1,grsc,3,26,,,CP,CP
fei4,2018,7,17,1,50,955,11,1,ling,3,2,,,CP,CP
fei4,2018,7,17,1,50,955,11,1,pegu,3,1,,,CP,CP
fei4,2018,7,17,1,50,955,11,1,coro,3,3,,,CP,CP
fei4,2018,7,17,1,50,955,11,1,blgo,3,2,,,CP,CP
fei4,2018,7,17,1,50,955,11,1,kecl,3,1,,,CP,CP
fei4,2018,7,17,2,10,1010,11,1,crgu,3,250,250,,CP,CP
fei4,2018,7,17,2,10,1010,11,1,herr,3,186,150,,CP,CP
fei4,2018,7,17,2,10,1010,11,1,kecl,3,71,50,,CP,CP
fei4,2018,7,17,2,10,1010,11,1,coso,3,6,,,CP,CP
fei4,2018,7,17,2,10,1010,11,1,reil,3,10,,,CP,CP
fei4,2018,7,17,2,10,1010,11,1,shpe,2,22,,,CP,CP
fei4,2018,7,17,2,10,1010,11,1,coro,3,1,,,CP,CP
fei4,2018,7,17,2,10,1010,11,1,susm,3,40,,,CP,CP
fei4,2018,7,17,2,10,1010,11,1,stpe,3,4,,,CP,CP
fei4,2018,7,17,2,10,1010,11,1,blgo,3,24,,,CP,CP
fei4,2018,7,17,2,10,1010,11,1,bapi,3,17,,,CP,CP
fei4,2018,7,17,2,10,1010,11,1,cqbr,3,27,,,CP,CP
fei4,2018,7,17,2,10,1010,11,1,grsc,3,26,,,CP,CP
fei4,2018,7,17,2,10,1010,11,1,tisc,3,52,,,CP,CP
fei4,2018,7,17,2,10,1010,11,1,shpe,1,10,,,CP,CP
fei4,2018,7,17,2,10,1010,11,1,byro,3,2,,,CP,CP
fei4,2018,7,17,2,10,1010,11,1,sand,3,7,,,CP,CP
fei4,2018,7,17,2,10,1010,11,1,kegr,3,1,,,CP,CP
fei4,2018,7,17,2,10,1010,11,1,enso,3,21,,,CP,CP
fei4,2018,7,17,2,10,1010,11,1,stsc,3,9,,,CP,CP
fei4,2018,7,17,2,10,1010,11,1,snpr,3,4,,,CP,CP
fei4,2018,7,17,2,10,1010,11,1,sisc,3,1,,,CP,CP
fei4,2018,7,17,2,10,1010,11,1,thst,3,1,,,CP,CP
fei4,2018,7,17,2,10,1010,11,1,sand,3,14,,,CP,CP
fei4,2018,7,17,2,10,1010,11,1,unar,3,1,,,CP,CP
fei4,2018,7,17,2,10,1010,11,1,cabe,3,1,,,CP,CP
fei4,2018,7,17,2,10,1010,11,1,tube,3,1,,,CP,CP
koe3,2018,7,18,1,5,1050,11,1,sand,3,5101,5000,,TF,TF
koe3,2018,7,18,1,5,1050,11,1,stfl,3,1,,,TF,TF
koe3,2018,7,18,1,5,1050,11,1,dova,3,5,,,TF,TF
koe3,2018,7,18,1,5,1050,11,1,blro,3,2,,,TF,TF
koe3,2018,7,18,1,5,1050,11,1,byro,3,8,,,TF,TF
koe3,2018,7,18,1,5,1050,11,1,coho,1,3,,,TF,TF
koe3,2018,7,18,1,5,1050,11,1,herr,1,4,,,TF,TF
koe3,2018,7,18,1,5,1050,11,1,shpe,3,4,,,TF,TF
koe3,2018,7,18,1,5,1050,11,1,enso,3,2,,,TF,TF
koe3,2018,7,18,1,5,1050,11,1,unar,3,1,,,TF,TF
koe3,2018,7,18,1,5,1050,11,1,reil,3,1,,,TF,TF
koe3,2018,7,18,1,5,1050,11,1,pasa,3,1,,,TF,TF
koe3,2018,7,18,1,5,1050,11,1,kegr,3,1,,,TF,TF
koe3,2018,7,18,2,5,1102,11,1,coho,1,22,,,TF,TF
koe3,2018,7,18,2,5,1102,11,1,stfl,3,1,,,TF,TF
koe3,2018,7,18,2,5,1102,11,1,dova,3,6,,,TF,TF
koe3,2018,7,18,2,5,1102,11,1,herr,1,2,,,TF,TF
koe3,2018,7,18,2,5,1102,11,1,sand,3,1500,1500,,TF,TF
fei3,2018,7,17,2,30,1148,11,1,crgu,3,333,300,,TF,TF
fei3,2018,7,17,2,30,1148,11,1,herr,3,142,100,,TF,TF
fei3,2018,7,17,2,30,1148,11,1,shpe,1,257,200,,TF,TF
fei3,2018,7,17,2,30,1148,11,1,shpe,2,12,,,TF,TF
fei3,2018,7,17,2,30,1148,11,1,bapi,3,16,,,TF,TF
fei3,2018,7,17,2,30,1148,11,1,grsc,3,73,,,TF,TF
fei3,2018,7,17,2,30,1148,11,1,enso,3,10,,,TF,TF
fei3,2018,7,17,2,30,1148,11,1,sisc,3,1,,,TF,TF
fei3,2018,7,17,2,30,1148,11,1,reil,3,9,,,TF,TF
fei3,2018,7,17,2,30,1148,11,1,blgo,3,4,,,TF,TF
fei3,2018,7,17,2,30,1148,11,1,snpr,3,2,,,TF,TF
fei3,2018,7,17,2,30,1148,11,1,bago,3,1,,,TF,TF
fei3,2018,7,17,2,30,1148,11,1,stsc,3,5,,,TF,TF
fei3,2018,7,17,2,30,1148,11,1,thst,3,1,,,TF,TF
fei3,2018,7,17,2,30,1148,11,1,unar,3,2,,,TF,TF
fei3,2018,7,17,2,30,1148,11,1,tisc,3,48,,,TF,TF
fei3,2018,7,17,1,200,1137,11,1,shpe,1,28,,,TF,TF
fei3,2018,7,17,1,200,1137,11,1,stsc,3,2,,,TF,TF
fei3,2018,7,17,1,200,1137,11,1,enso,3,41,,,TF,TF
fei3,2018,7,17,1,200,1137,11,1,tisc,3,42,,,TF,TF
fei3,2018,7,17,1,200,1137,11,1,grsc,3,10,,,TF,TF
fei3,2018,7,17,1,200,1137,11,1,unar,3,7,,,TF,TF
fei3,2018,7,17,1,200,1137,11,1,crgu,3,4,,,TF,TF
fei3,2018,7,17,1,200,1137,11,1,pasa,3,1,,,TF,TF
fei3,2018,7,17,1,200,1137,11,1,thst,3,1,,,TF,TF
koe1,2018,7,18,1,300,1155,22,1,coho,3,8,,,kb,kb
koe1,2018,7,18,1,300,1155,22,1,stfl,3,3,,,kb,kb
koe1,2018,7,18,1,300,1155,22,1,enso,3,65,,,kb,kb
koe1,2018,7,18,1,300,1155,22,1,stsc,3,1,,,kb,kb
koe1,2018,7,18,1,300,1155,22,1,pasa,3,38,,,kb,kb
koe1,2018,7,18,1,300,1155,22,1,saso,3,26,,,kb,kb
koe1,2018,7,18,1,300,1155,22,1,tisc,3,1,,,kb,kb
koe1,2018,7,18,1,300,1155,22,1,dova,3,1,,,kb,kb
koe1,2018,7,18,1,300,1155,22,1,bapi,3,1,,,kb,kb
koe1,2018,7,18,1,300,1155,22,1,sand,3,1,,,kb,kb
koe1,2018,7,18,2,100,1215,22,1,stsc,3,6,,,kb,kb
koe1,2018,7,18,2,100,1215,22,1,coho,3,16,,,kb,kb
koe1,2018,7,18,2,100,1215,22,1,bapi,3,1,,,kb,kb
koe1,2018,7,18,2,100,1215,22,1,enso,3,50,,,kb,kb
koe1,2018,7,18,2,100,1215,22,1,pasa,3,29,,,kb,kb
koe1,2018,7,18,2,100,1215,22,1,saso,3,20,,,kb,kb
ris3,2018,7,19,1,20,1223,11,1,risn,3,1,,,TF,TF
ris3,2018,7,19,1,20,1223,11,1,herr,3,3,,,TF,TF
ris3,2018,7,19,1,20,1223,11,1,grsc,3,1,,,TF,TF
ris3,2018,7,19,1,20,1223,11,1,unar,3,1,,,TF,TF
ris3,2018,7,19,1,20,1223,11,1,enso,3,13,,,TF,TF
ris3,2018,7,19,1,20,1223,11,1,crgu,3,10,,,TF,TF
ris3,2018,7,19,1,20,1223,11,1,kegr,3,1,,,TF,TF
ris3,2018,7,19,1,20,1223,11,1,tisc,3,5,,,TF,TF
ris3,2018,7,19,1,20,1223,11,1,stsc,3,7,,,TF,TF
ris3,2018,7,19,1,20,1223,11,1,shpe,2,1,,,TF,TF
ris3,2018,7,19,2,60,1230,11,1,crgu,3,11,,,TF,TF
ris3,2018,7,19,2,60,1230,11,1,enso,3,3,,,TF,TF
ris3,2018,7,19,2,60,1230,11,1,whgr,3,2,,,TF,TF
ris3,2018,7,19,2,60,1230,11,1,shpe,1,1,,,TF,TF
ris3,2018,7,19,2,60,1230,11,1,tisc,3,2,,,TF,TF
ris3,2018,7,19,2,60,1230,11,1,slco,3,1,,,TF,TF
ris1,2018,7,19,1,10,1231,11,1,enso,3,56,,,TF,TF
ris1,2018,7,19,1,10,1231,11,1,unar,3,1,,,TF,TF
ris1,2018,7,19,1,10,1231,11,1,busc,3,2,,,TF,TF
ris1,2018,7,19,1,10,1231,11,1,sand,3,52,,,TF,TF
ris1,2018,7,19,1,10,1231,11,1,saso,3,2,,,TF,TF
ris1,2018,7,19,2,40,1240,11,1,enso,3,25,,,TF,TF
ris1,2018,7,19,2,40,1240,11,1,sand,3,5,,,TF,TF
ppo,2018,8,23,1,70,613,11,1,shpe,1,47,,,bmm,bmm
ppo,2018,8,23,1,70,613,11,1,tisc,3,37,,,bmm,bmm
ppo,2018,8,23,1,70,613,11,1,unar,3,6,,,bmm,bmm
ppo,2018,8,23,1,70,613,11,1,enso,3,1,,,bmm,bmm
ppo,2018,8,23,1,70,613,11,1,busc,3,2,,,bmm,bmm
ppo,2018,8,23,1,70,613,11,1,shpe,2,3,,,bmm,bmm
ppo,2018,8,23,1,70,613,11,1,stpe,1,1,,,bmm,bmm
ppo,2018,8,23,1,70,613,11,1,pipe,3,2,,,bmm,bmm
ppo,2018,8,23,1,70,613,11,1,sand,3,2,,,bmm,bmm
ppo,2018,8,23,2,10,622,11,1,shpe,1,120,,,bmm,bmm
ppo,2018,8,23,2,10,622,11,1,tisc,3,51,,,bmm,bmm
ppo,2018,8,23,2,10,622,11,1,shpe,2,16,,,bmm,bmm
ppo,2018,8,23,2,10,622,11,1,blro,3,105,,,bmm,bmm
ppo,2018,8,23,2,10,622,11,1,bapi,3,7,,,bmm,bmm
ppo,2018,8,23,2,10,622,11,1,sisc,3,2,,,bmm,bmm
ppo,2018,8,23,2,10,622,11,1,grsc,3,1,,,bmm,bmm
ppo,2018,8,23,2,10,622,11,1,rbsc,3,2,,,bmm,bmm
ppo,2018,8,23,2,10,622,11,1,sand,3,4,,,bmm,bmm
ppo,2018,8,23,2,10,622,11,1,byro,3,1,,,bmm,bmm
ppo,2018,8,23,2,10,622,11,1,unar,3,2,,,bmm,bmm
ppo,2018,8,23,2,10,622,11,1,pasa,3,1,,,bmm,bmm
ppo,2018,8,23,2,10,622,11,1,tube,3,1,,,bmm,bmm
hdo,2018,8,23,1,70,740,11,1,grsc,3,2,,,bmm,bmm
hdo,2018,8,23,1,70,740,11,1,shpe,2,43,,,bmm,bmm
hdo,2018,8,23,1,70,740,11,1,shpe,1,30,,,bmm,bmm
hdo,2018,8,23,1,70,740,11,1,stsc,3,82,,,bmm,bmm
hdo,2018,8,23,1,70,740,11,1,enso,3,5,,,bmm,bmm
hdo,2018,8,23,1,70,740,11,1,pasa,3,3,,,bmm,bmm
hdo,2018,8,23,1,70,740,11,1,stfl,3,5,,,bmm,bmm
hdo,2018,8,23,1,70,740,11,1,tisc,3,3,,,bmm,bmm
hdo,2018,8,23,1,70,740,11,1,bapi,3,1,,,bmm,bmm
hdo,2018,8,23,1,70,740,11,1,thst,3,11,,,bmm,bmm
hdo,2018,8,23,1,70,740,11,1,shpe,2,17,,,bmm,bmm
hdo,2018,8,23,1,70,740,11,1,shpe,1,41,,,bmm,bmm
hdo,2018,8,23,1,70,740,11,1,stsc,3,30,,,bmm,bmm
hdo,2018,8,23,1,70,740,11,1,grsc,3,2,,,bmm,bmm
hdo,2018,8,23,1,70,740,11,1,thst,3,62,,,bmm,bmm
hdo,2018,8,23,1,70,740,11,1,enso,3,1,,,bmm,bmm
hdo,2018,8,23,1,70,740,11,1,unar,3,1,,,bmm,bmm
hdo,2018,8,23,1,70,740,11,1,bapi,3,1,,,bmm,bmm
ssp,2018,8,24,1,300,745,22,1,pasa,3,31,,,bmm,bmm
ssp,2018,8,24,1,300,745,22,1,enso,3,66,,,bmm,bmm
ssp,2018,8,24,1,300,745,22,1,saso,3,28,,,bmm,bmm
ssp,2018,8,24,1,300,745,22,1,herr,3,9,,,bmm,bmm
ssp,2018,8,24,1,300,745,22,1,whgr,3,2,,,bmm,bmm
ssp,2018,8,24,1,300,745,22,1,thst,3,1,,,bmm,bmm
ssp,2018,8,24,1,300,745,22,1,enso,3,10,,,bmm,bmm
ssp,2018,8,24,1,300,745,22,1,cqbr,3,3,,,bmm,bmm
ssp,2018,8,24,1,300,745,22,1,stpe,3,2,,,bmm,bmm
ssp,2018,8,24,1,300,745,22,1,stsc,3,1,,,bmm,bmm
ssp,2018,8,24,1,300,745,22,1,sasc,3,1,,,bmm,bmm
ssp,2018,8,24,1,300,745,22,1,sand,3,72,,,bmm,bmm
ssp,2018,8,24,2,70,755,22,1,stsc,3,1,,,bmm,bmm
ssp,2018,8,24,2,70,755,22,1,enso,3,21,21,,bmm,bmm
ssp,2018,8,24,2,70,755,22,1,saso,3,9,9,,bmm,bmm
ssp,2018,8,24,2,70,755,22,1,pasa,3,10,10,,bmm,bmm
wfb,2018,8,24,1,200,620,22,1,stfl,3,7,,,bmm,bmm
wfb,2018,8,24,1,200,620,22,1,susm,3,1,,,bmm,bmm
wfb,2018,8,24,1,200,620,22,1,stsc,3,90,10,,bmm,bmm
wfb,2018,8,24,1,200,620,22,1,enso,3,55,,,bmm,bmm
wfb,2018,8,24,1,200,620,22,1,pasa,3,35,,,bmm,bmm
wfb,2018,8,24,1,200,620,22,1,saso,3,26,,,bmm,bmm
wfb,2018,8,24,1,200,620,22,1,sand,3,3200,3000,,bmm,bmm
wfb,2018,8,24,2,25,630,22,1,tube,3,1,,,bmm,bmm
wfb,2018,8,24,2,25,630,22,1,stsc,3,8,,,bmm,bmm
wfb,2018,8,24,2,25,630,22,1,sand,3,40,,,bmm,bmm
wfb,2018,8,24,2,25,630,22,1,enso,3,19,19,,bmm,bmm
wfb,2018,8,24,2,25,630,22,1,pasa,3,12,12,,bmm,bmm
wfb,2018,8,24,2,25,630,22,1,saso,3,9,9,,bmm,bmm
chp,2018,8,25,1,10,630,11,1,shpe,1,89,,,bmm,bmm
chp,2018,8,25,1,10,630,11,1,busc,3,7,,,bmm,bmm
chp,2018,8,25,1,10,630,11,1,crgu,3,1,,,bmm,bmm
chp,2018,8,25,1,10,630,11,1,cqbr,3,13,,,bmm,bmm
chp,2018,8,25,1,10,630,11,1,bapi,3,2,,,bmm,bmm
chp,2018,8,25,1,10,630,11,1,shpe,2,11,,,bmm,bmm
chp,2018,8,25,1,10,630,11,1,qbro,3,4,,,bmm,bmm
chp,2018,8,25,1,10,630,11,1,tube,3,2,,,bmm,bmm
chp,2018,8,25,1,10,630,11,1,pegu,3,2,,,bmm,bmm
chp,2018,8,25,1,10,630,11,1,kegr,3,6,,,bmm,bmm
chp,2018,8,25,1,10,630,11,1,pasa,3,3,,,bmm,bmm
chp,2018,8,25,1,10,630,11,1,byro,3,5,,,bmm,bmm
chp,2018,8,25,1,10,630,11,1,tisc,3,59,,,bmm,bmm
chp,2018,8,25,1,10,630,11,1,masc,3,2,,,bmm,bmm
chp,2018,8,25,1,10,630,11,1,cabe,3,2,,,bmm,bmm
chp,2018,8,25,1,10,630,11,1,rogr,3,1,,,bmm,bmm
chp,2018,8,25,1,10,630,11,1,reil,3,1,,,bmm,bmm
chp,2018,8,25,1,10,630,11,1,shsc,3,1,,,bmm,bmm
chp,2018,8,25,1,10,630,11,1,stke,3,1,,,bmm,bmm
chp,2018,8,25,2,30,645,11,1,shpe,3,10,,,bmm,bmm
chp,2018,8,25,2,30,645,11,1,coro,3,135,,,bmm,bmm
chp,2018,8,25,2,30,645,11,1,byro,3,8,,,bmm,bmm
chp,2018,8,25,2,30,645,11,1,tube,3,7,,,bmm,bmm
chp,2018,8,25,2,30,645,11,1,tisc,3,68,,,bmm,bmm
chp,2018,8,25,2,30,645,11,1,rogr,3,2,,,bmm,bmm
chp,2018,8,25,2,30,645,11,1,coso,3,1,,,bmm,bmm
chp,2018,8,25,2,30,645,11,1,cqbr,3,12,,,bmm,bmm
chp,2018,8,25,2,30,645,11,1,kegr,3,2,,,bmm,bmm
chp,2018,8,25,2,30,645,11,1,pegu,3,2,,,bmm,bmm
chp,2018,8,25,2,30,645,11,1,stpe,3,1,,,bmm,bmm
chp,2018,8,25,2,30,645,11,1,busc,3,8,,,bmm,bmm
chp,2018,8,25,2,30,645,11,1,sisc,3,1,,,bmm,bmm
chp,2018,8,25,2,30,645,11,1,masc,3,2,,,bmm,bmm
chp,2018,8,25,2,30,645,11,1,reil,3,1,,,bmm,bmm
chp,2018,8,25,2,30,645,11,1,cabe,3,2,,,bmm,bmm
chp,2018,8,25,2,30,645,11,1,enso,3,1,,,bmm,bmm
chp,2018,8,25,2,30,645,11,1,crgu,3,1,,,bmm,bmm
chp,2018,8,25,2,30,645,11,1,qbro,3,1,,,bmm,bmm
chp,2018,8,25,2,30,645,11,1,unar,3,2,,,bmm,bmm
pba,2018,8,25,1,10,740,11,1,enso,3,10,,,bmm,bmm
pba,2018,8,25,1,10,740,11,1,stpe,3,1,,,bmm,bmm
pba,2018,8,25,1,10,740,11,1,stsc,3,7,,,bmm,bmm
pba,2018,8,25,1,10,740,11,1,pasa,3,9,,,bmm,bmm
pba,2018,8,25,1,10,740,11,1,shpe,1,5,,,bmm,bmm
pba,2018,8,25,1,10,740,11,1,thst,3,118,,,bmm,bmm
pba,2018,8,25,1,10,740,11,1,shpe,2,1,,,bmm,bmm
pba,2018,8,25,1,10,740,11,1,bapi,3,10,,,bmm,bmm
pba,2018,8,25,1,10,740,11,1,tisc,3,14,,,bmm,bmm
pba,2018,8,25,1,10,740,11,1,reil,3,1,,,bmm,bmm
pba,2018,8,25,1,10,740,11,1,grsc,3,3,,,bmm,bmm
pba,2018,8,25,1,10,740,11,1,tube,3,1,,,bmm,bmm
pba,2018,8,25,1,10,740,11,1,unar,3,4,,,bmm,bmm
pba,2018,8,25,1,10,740,11,1,unla,3,1,,,bmm,bmm
pba,2018,8,25,2,20,755,11,1,grsc,3,1,,,bmm,bmm
pba,2018,8,25,2,20,755,11,1,crgu,3,1,,,bmm,bmm
pba,2018,8,25,2,20,755,11,1,tube,3,3,,,bmm,bmm
pba,2018,8,25,2,20,755,11,1,shpe,1,3,,,bmm,bmm
pba,2018,8,25,2,20,755,11,1,stsc,3,2,,,bmm,bmm
pba,2018,8,25,2,20,755,11,1,tisc,3,3,,,bmm,bmm
pba,2018,8,25,2,20,755,11,1,enso,3,7,,,bmm,bmm
pba,2018,8,25,2,20,755,11,1,pasa,3,4,,,bmm,bmm
pba,2018,8,25,2,20,755,11,1,bapi,3,3,,,bmm,bmm
pba,2018,8,25,2,20,755,11,1,unar,3,1,,,bmm,bmm
pba,2018,8,25,2,20,755,11,1,stsc,3,2,,,bmm,bmm
pba,2018,8,25,2,20,755,11,1,thst,3,500,500,,bmm,bmm
chp,2019,7,29,1,5,517,11,1,stpe,1,15,,,TF,ZM
chp,2019,7,29,1,5,517,11,1,pasa,3,11,,,TF,ZM
chp,2019,7,29,1,5,517,11,1,pegu,3,1,,,TF,ZM
chp,2019,7,29,1,5,517,11,1,shpe,2,7,,,TF,ZM
chp,2019,7,29,1,5,517,11,1,tisc,3,10,,,TF,ZM
chp,2019,7,29,1,5,517,11,1,byro,1,16,,,TF,ZM
chp,2019,7,29,1,5,517,11,1,shpe,1,3,,,TF,ZM
chp,2019,7,29,1,5,517,11,1,blro,2,3,,,TF,ZM
chp,2019,7,29,1,5,517,11,1,tube,1,1,,,TF,ZM
chp,2019,7,29,1,5,517,11,1,stpe,2,2,,,TF,ZM
chp,2019,7,29,1,5,517,11,1,cabe,3,1,,,TF,ZM
chp,2019,7,29,1,5,517,11,1,coro,3,1,,,TF,ZM
chp,2019,7,29,1,5,517,11,1,busc,3,4,,,TF,ZM
chp,2019,7,29,1,5,517,11,1,cqbr,1,1,,,TF,ZM
chp,2019,7,29,2,60,538,11,1,shpe,2,5,,,TF,ZM
chp,2019,7,29,2,60,538,11,1,tube,1,7,,,TF,ZM
chp,2019,7,29,2,60,538,11,1,byro,1,53,,,TF,ZM
chp,2019,7,29,2,60,538,11,1,stpe,1,2,,,TF,ZM
chp,2019,7,29,2,60,538,11,1,pegu,3,4,,,TF,ZM
chp,2019,7,29,2,60,538,11,1,coso,3,1,,,TF,ZM
chp,2019,7,29,2,60,538,11,1,sisc,3,1,,,TF,ZM
chp,2019,7,29,2,60,538,11,1,coro,3,2,,,TF,ZM
chp,2019,7,29,2,60,538,11,1,tisc,3,10,,,TF,ZM
chp,2019,7,29,2,60,538,11,1,pasa,3,3,,,TF,ZM
chp,2019,7,29,2,60,538,11,1,cqbr,1,1,,,TF,ZM
chp,2019,7,29,2,60,538,11,1,enso,3,1,,,TF,ZM
hdo,2019,7,29,1,80,650,11,1,stsc,3,75,,,TF,ZM
hdo,2019,7,29,1,80,650,11,1,shpe,2,53,,,TF,ZM
hdo,2019,7,29,1,80,650,11,1,grsc,3,1,,,TF,ZM
hdo,2019,7,29,1,80,650,11,1,pasa,3,5,,,TF,ZM
hdo,2019,7,29,1,80,650,11,1,bapi,3,1,,,TF,ZM
hdo,2019,7,29,1,80,650,11,1,enso,3,13,,,TF,ZM
hdo,2019,7,29,1,80,650,11,1,stfl,1,1,,,TF,ZM
hdo,2019,7,29,1,80,650,11,1,shsc,3,1,,,TF,ZM
hdo,2019,7,29,1,80,650,11,1,thst,1,1,,,TF,ZM
hdo,2019,7,29,2,0,714,11,1,shpe,1,350,300,,TF,ZM
hdo,2019,7,29,2,0,714,11,1,bapi,3,21,,,TF,ZM
hdo,2019,7,29,2,0,714,11,1,shpe,2,21,,,TF,ZM
hdo,2019,7,29,2,0,714,11,1,stsc,3,18,15,,TF,ZM
hdo,2019,7,29,2,0,714,11,1,tisc,3,17,,,TF,ZM
hdo,2019,7,29,2,0,714,11,1,pasa,3,3,,,TF,ZM
hdo,2019,7,29,2,0,714,11,1,enso,3,2,,,TF,ZM
hdo,2019,7,29,2,0,714,11,1,crgu,3,2,,,TF,ZM
wfb,2019,7,30,1,200,534,22,1,susm,3,11,,,KB,TF
wfb,2019,7,30,1,200,534,22,1,sand,3,653,,,KB,TF
wfb,2019,7,30,1,200,534,22,1,stsc,3,28,,,KB,TF
wfb,2019,7,30,1,200,534,22,1,pasa,3,58,,,KB,TF
wfb,2019,7,30,1,200,534,22,1,enso,3,45,,,KB,TF
wfb,2019,7,30,1,200,534,22,1,tube,3,1,,,KB,TF
wfb,2019,7,30,1,200,534,22,1,saso,3,28,,,KB,TF
wfb,2019,7,30,1,200,534,22,1,pegu,3,2,,,KB,TF
wfb,2019,7,30,1,200,534,22,1,stfl,3,1,,,KB,TF
wfb,2019,7,30,2,5,600,22,1,sand,3,500,500,,KB,TF
wfb,2019,7,30,2,5,600,22,1,enso,3,93,93,,KB,TF
wfb,2019,7,30,2,5,600,22,1,pasa,3,119,119,,KB,TF
wfb,2019,7,30,2,5,600,22,1,saso,3,59,59,,KB,TF
wfb,2019,7,30,2,5,600,22,1,herr,3,4,,,KB,TF
wfb,2019,7,30,2,5,600,22,1,stsc,3,3,,,KB,TF
wfb,2019,7,30,2,5,600,22,1,pasf,3,1,,,KB,TF
ssp,2019,7,30,1,300,709,22,1,shpe,2,85,,,KB,TF
ssp,2019,7,30,1,300,709,22,1,byro,1,12,,,KB,TF
ssp,2019,7,30,1,300,709,22,1,pasa,3,149,30,,KB,TF
ssp,2019,7,30,1,300,709,22,1,enso,3,146,29,,KB,TF
ssp,2019,7,30,1,300,709,22,1,whgr,3,3,,,KB,TF
ssp,2019,7,30,1,300,709,22,1,saso,3,5,4,,KB,TF
ssp,2019,7,30,1,300,709,22,1,pegu,3,2,,,KB,TF
ssp,2019,7,30,1,300,709,22,1,cabe,1,2,,,KB,TF
ssp,2019,7,30,1,300,709,22,1,sand,3,22,,,KB,TF
ssp,2019,7,30,1,300,709,22,1,stsc,3,1,,,KB,TF
ssp,2019,7,30,1,300,709,22,1,coso,3,1,,,KB,TF
ssp,2019,7,30,1,300,709,22,1,cqbr,1,4,,,KB,TF
ssp,2019,7,30,1,300,709,22,1,stfl,3,2,,,KB,TF
ssp,2019,7,30,2,5,737,22,1,stfl,3,2,,,KB,TF
ssp,2019,7,30,2,5,737,22,1,sand,3,20,,,KB,TF
ssp,2019,7,30,2,5,737,22,1,cabe,1,2,,,KB,TF
ssp,2019,7,30,2,5,737,22,1,saso,3,14,,,KB,TF
ssp,2019,7,30,2,5,737,22,1,stsc,3,4,,,KB,TF
ssp,2019,7,30,2,5,737,22,1,unla,1,1,,,KB,TF
ppo,2019,7,31,1,0,550,11,1,shpe,1,273,200,,TF,KB
ppo,2019,7,31,1,0,550,11,1,tisc,3,190,100,,TF,KB
ppo,2019,7,31,1,0,550,11,1,kepe,1,4,,,TF,KB
ppo,2019,7,31,1,0,550,11,1,stpe,1,1,,,TF,KB
ppo,2019,7,31,1,0,550,11,1,bapi,3,15,,,TF,KB
ppo,2019,7,31,1,0,550,11,1,byro,1,5,,,TF,KB
ppo,2019,7,31,1,0,550,11,1,ling,1,1,,,TF,KB
ppo,2019,7,31,1,0,550,11,1,smsc,3,1,,,TF,KB
ppo,2019,7,31,1,0,550,11,1,stsc,3,1,,,TF,KB
ppo,2019,7,31,1,0,550,11,1,crgu,3,7,,,TF,KB
ppo,2019,7,31,1,0,550,11,1,pegu,3,1,,,TF,KB
ppo,2019,7,31,1,0,550,11,1,pasc,3,3,,,TF,KB
ppo,2019,7,31,1,0,550,11,1,smsc,3,3,,,TF,KB
ppo,2019,7,31,1,0,550,11,1,cabe,3,1,,,TF,KB
ppo,2019,7,31,1,0,550,11,1,hico,3,1,,,TF,KB
ppo,2019,7,31,1,0,550,11,1,shpe,2,3,,,TF,KB
ppo,2019,7,31,1,0,550,11,1,thst,3,2,,,TF,KB
ppo,2019,7,31,2,70,612,11,2,stsc,3,1,,,TF,KB
ppo,2019,7,31,2,70,612,11,2,bapi,3,4,,,TF,KB
ppo,2019,7,31,2,70,612,11,2,crgu,3,1,,,TF,KB
ppo,2019,7,31,2,70,612,11,2,shpe,1,7,,,TF,KB
ppo,2019,7,31,2,70,612,11,2,unar,3,1,,,TF,KB
ppo,2019,7,31,2,70,612,11,2,unla,1,3,,,TF,KB
ppo,2019,7,31,2,70,612,11,2,busc,3,3,,,TF,KB
ppo,2019,7,31,2,70,612,11,2,pasa,3,1,,,TF,KB
ppo,2019,7,31,2,70,612,11,2,grsc,1,1,,,TF,KB
ppo,2019,7,31,2,70,612,11,2,byro,1,1,,,TF,KB
ppo,2019,7,31,2,70,612,11,2,thst,3,1,,,TF,KB
ppo,2019,7,31,2,70,612,11,2,tisc,3,91,,,TF,KB
ppo,2019,7,31,2,70,612,11,2,blgo,3,1,,,TF,KB
pba,2019,7,31,1,0,723,11,1,thst,1,3080,3000,,TF,KB
pba,2019,7,31,1,0,723,11,1,thst,2,36,20,,TF,KB
pba,2019,7,31,1,0,723,11,1,shpe,1,142,100,,TF,KB
pba,2019,7,31,1,0,723,11,1,stsc,3,6,,,TF,KB
pba,2019,7,31,1,0,723,11,1,stpe,1,7,,,TF,KB
pba,2019,7,31,1,0,723,11,1,tisc,3,2,,,TF,KB
pba,2019,7,31,1,0,723,11,1,tube,3,2,,,TF,KB
pba,2019,7,31,1,0,723,11,1,byro,1,4,,,TF,KB
pba,2019,7,31,1,0,723,11,1,bapi,3,21,,,TF,KB
pba,2019,7,31,1,0,723,11,1,cqbr,3,1,,,TF,KB
pba,2019,7,31,1,0,723,11,1,kepe,1,2,,,TF,KB
pba,2019,7,31,1,0,723,11,1,unla,1,1,,,TF,KB
pba,2019,7,31,1,0,723,11,1,kegr,3,1,,,TF,KB
pba,2019,7,31,1,0,723,11,1,pasc,3,1,,,TF,KB
pba,2019,7,31,1,0,723,11,1,shpe,2,38,,,TF,KB
pba,2019,7,31,1,0,723,11,1,tomc,3,1,,,TF,KB
pba,2019,7,31,1,0,723,11,1,cabe,3,1,,,TF,KB
pba,2019,7,31,2,50,750,11,1,shpe,2,98,17,,TF,KB
pba,2019,7,31,2,50,750,11,1,shpe,1,233,200,,TF,KB
pba,2019,7,31,2,50,750,11,1,thst,1,1504,1500,,TF,KB
pba,2019,7,31,2,50,750,11,1,bapi,3,67,,,TF,KB
pba,2019,7,31,2,50,750,11,1,stsc,3,6,,,TF,KB
pba,2019,7,31,2,50,750,11,1,tube,3,4,,,TF,KB
pba,2019,7,31,2,50,750,11,1,unla,1,2,,,TF,KB
pba,2019,7,31,2,50,750,11,1,stpe,1,3,,,TF,KB
pba,2019,7,31,2,50,750,11,1,thst,2,4,,,TF,KB
pba,2019,7,31,2,50,750,11,1,byro,1,1,,,TF,KB
pba,2019,7,31,2,50,750,11,1,pasc,3,1,,,TF,KB
pba,2019,7,31,2,50,750,11,1,crgu,3,6,,,TF,KB
pba,2019,7,31,2,50,750,11,1,stfl,3,1,,,TF,KB
pba,2019,7,31,2,50,750,11,1,kegr,1,1,,,TF,KB
pba,2019,7,31,2,50,750,11,1,tisc,3,1,,,TF,KB
kis1,2019,8,1,1,12,646,11,1,bapi,3,9,,,ZM,KB
kis1,2019,8,1,1,12,646,11,1,shpe,2,11,,,ZM,KB
kis1,2019,8,1,1,12,646,11,1,byro,1,37,,,ZM,KB
kis1,2019,8,1,1,12,646,11,1,busc,3,6,,,ZM,KB
kis1,2019,8,1,1,12,646,11,1,pasa,3,9,,,ZM,KB
kis1,2019,8,1,1,12,646,11,1,smsc,3,1,,,ZM,KB
kis1,2019,8,1,1,12,646,11,1,shpe,1,2,,,ZM,KB
kis1,2019,8,1,1,12,646,11,1,kegr,1,16,,,ZM,KB
kis1,2019,8,1,1,12,646,11,1,tube,3,3,,,ZM,KB
kis1,2019,8,1,1,12,646,11,1,crgu,3,13,,,ZM,KB
kis1,2019,8,1,1,12,646,11,1,pegu,3,2,,,ZM,KB
kis1,2019,8,1,1,12,646,11,1,coso,3,7,,,ZM,KB
kis1,2019,8,1,1,12,646,11,1,enso,3,1,,,ZM,KB
kis1,2019,8,1,1,12,646,11,1,stsc,3,1,,,ZM,KB
kis1,2019,8,1,1,12,646,11,1,tisc,3,2,,,ZM,KB
kis1,2019,8,1,1,12,646,11,1,cqbr,3,1,,,ZM,KB
kis1,2019,8,1,2,0,706,11,1,sand,3,79,,,ZM,KB
kis1,2019,8,1,2,0,706,11,1,byro,1,12,,,ZM,KB
kis1,2019,8,1,2,0,706,11,1,kegr,1,2,,,ZM,KB
kis1,2019,8,1,2,0,706,11,1,tube,3,3,,,ZM,KB
kis1,2019,8,1,2,0,706,11,1,pegu,3,3,,,ZM,KB
kis1,2019,8,1,2,0,706,11,1,shpe,3,2,,,ZM,KB
kis1,2019,8,1,2,0,706,11,1,busc,3,7,,,ZM,KB
kis1,2019,8,1,2,0,706,11,1,pasa,3,1,,,ZM,KB
kis1,2019,8,1,2,0,706,11,1,cabe,1,1,,,ZM,KB
kis1,2019,8,1,2,0,706,11,1,unar,1,1,,,ZM,KB
kis1,2019,8,1,2,0,706,11,1,crgu,3,4,,,ZM,KB
kis1,2019,8,1,2,0,706,11,1,bapi,3,1,,,ZM,KB
kis1,2019,8,1,2,0,706,11,1,enso,3,1,,,ZM,KB
kis1,2019,8,1,2,0,706,11,1,shpe,1,3,,,ZM,KB
kis1,2019,8,1,2,0,706,11,1,smsc,3,2,,,ZM,KB
kis1,2019,8,1,2,0,706,11,1,rbsc,3,1,,,ZM,KB
kis1,2019,8,1,2,0,706,11,1,unsc,3,1,,,ZM,KB
kis1,2019,8,1,2,0,706,11,1,tisc,3,7,,,ZM,KB
kis1,2019,8,1,2,0,706,11,1,losc,3,1,,,ZM,KB
kis2,2019,8,1,1,40,838,11,1,tisc,3,42,,,ZM,KB
kis2,2019,8,1,1,40,838,11,1,kegr,1,4,,,ZM,KB
kis2,2019,8,1,1,40,838,11,1,byro,1,5,,,ZM,KB
kis2,2019,8,1,1,40,838,11,1,crgu,3,4,,,ZM,KB
kis2,2019,8,1,1,40,838,11,1,shpe,1,1,,,ZM,KB
kis2,2019,8,1,1,40,838,11,1,stsc,3,1,,,ZM,KB
kis2,2019,8,1,1,40,838,11,1,cabe,1,5,,,ZM,KB
kis2,2019,8,1,1,40,838,11,1,bapi,3,1,,,ZM,KB
kis2,2019,8,1,1,40,838,11,1,nocl,3,3,,,ZM,KB
kis2,2019,8,1,1,40,838,11,1,pasa,3,2,,,ZM,KB
kis2,2019,8,1,1,40,838,11,1,blgo,3,1,,,ZM,KB
kis2,2019,8,1,1,40,838,11,1,enso,3,8,,,ZM,KB
kis2,2019,8,1,1,40,838,11,1,pegu,3,3,,,ZM,KB
kis2,2019,8,1,1,40,838,11,1,unar,1,1,,,ZM,KB
kis2,2019,8,1,1,40,838,11,1,stke,1,1,,,ZM,KB
kis2,2019,8,1,2,5,900,11,1,byro,1,62,,,ZM,KB
kis2,2019,8,1,2,5,900,11,1,bapi,3,76,,,ZM,KB
kis2,2019,8,1,2,5,900,11,1,crgu,3,4,,,ZM,KB
kis2,2019,8,1,2,5,900,11,1,tube,3,1,,,ZM,KB
kis2,2019,8,1,2,5,900,11,1,kegr,1,8,,,ZM,KB
kis2,2019,8,1,2,5,900,11,1,reil,3,1,,,ZM,KB
kis2,2019,8,1,2,5,900,11,1,masc,3,3,,,ZM,KB
kis2,2019,8,1,2,5,900,11,1,cqbr,1,20,,,ZM,KB
kis2,2019,8,1,2,5,900,11,1,shpe,1,26,,,ZM,KB
kis2,2019,8,1,2,5,900,11,1,unro,1,2,,,ZM,KB
kis2,2019,8,1,2,5,900,11,1,shpe,2,2,,,ZM,KB
kis2,2019,8,1,2,5,900,11,1,stpe,1,9,,,ZM,KB
kis2,2019,8,1,2,5,900,11,1,kepe,1,1,,,ZM,KB
kis2,2019,8,1,2,5,900,11,1,cabe,1,3,,,ZM,KB
kis2,2019,8,1,2,5,900,11,1,sisc,3,1,,,ZM,KB
kis2,2019,8,1,2,5,900,11,1,tisc,3,2,,,ZM,KB
kis2,2019,8,1,2,5,900,11,1,pegu,3,1,,,ZM,KB
gog4,2019,8,2,1,140,728,11,1,tube,3,3,,,TF,ZM
gog4,2019,8,2,1,140,728,11,1,cqbr,1,102,,,TF,ZM
gog4,2019,8,2,1,140,728,11,1,byro,1,197,,,TF,ZM
gog4,2019,8,2,1,140,728,11,1,unro,1,6,,,TF,ZM
gog4,2019,8,2,1,140,728,11,1,shpe,1,9,,,TF,ZM
gog4,2019,8,2,1,140,728,11,1,saso,3,2,,,TF,ZM
gog4,2019,8,2,1,140,728,11,1,enso,3,170,,,TF,ZM
gog4,2019,8,2,1,140,728,11,1,herr,1,1,,,TF,ZM
gog4,2019,8,2,1,140,728,11,1,bapi,3,3,,,TF,ZM
gog4,2019,8,2,1,140,728,11,1,unla,1,5,,,TF,ZM
gog4,2019,8,2,1,140,728,11,1,cabe,1,2,,,TF,ZM
gog4,2019,8,2,1,140,728,11,1,pegu,3,1,,,TF,ZM
gog4,2019,8,2,1,140,728,11,1,unfl,1,1,,,TF,ZM
gog4,2019,8,2,2,0,757,11,1,stsc,3,3,,,TF,ZM
gog4,2019,8,2,2,0,757,11,1,bisk,3,1,,,TF,ZM
gog4,2019,8,2,2,0,757,11,1,herr,1,1,,,TF,ZM
gog4,2019,8,2,2,0,757,11,1,pasa,3,7,4,from subsample tab,TF,ZM
gog4,2019,8,2,2,0,757,11,1,enso,3,178,96,from subsample tab,TF,ZM
gog4,2019,8,2,2,0,757,11,1,shpe,2,1,,,TF,ZM
gog4,2019,8,2,2,0,757,11,1,shpe,1,76,,,TF,ZM
gog4,2019,8,2,2,0,757,11,1,byro,1,8,,,TF,ZM
gog4,2019,8,2,2,0,757,11,1,tomc,3,5,,,TF,ZM
gog4,2019,8,2,2,0,757,11,1,busc,3,1,,,TF,ZM
gog4,2019,8,2,2,0,757,11,1,tupo,3,1,,,TF,ZM
gog4,2019,8,2,2,0,757,11,1,bapi,3,3,,,TF,ZM
gog1,2019,8,2,1,80,927,11,1,stsc,3,7,,,TF,ZM
gog1,2019,8,2,1,80,927,11,1,shpe,1,46,,,TF,ZM
gog1,2019,8,2,1,80,927,11,1,cqbr,1,8,,,TF,ZM
gog1,2019,8,2,1,80,927,11,1,thst,3,1,,,TF,ZM
gog1,2019,8,2,1,80,927,11,1,tube,3,25,,,TF,ZM
gog1,2019,8,2,1,80,927,11,1,bapi,3,34,,,TF,ZM
gog1,2019,8,2,1,80,927,11,1,pegu,3,2,,,TF,ZM
gog1,2019,8,2,1,80,927,11,1,sisc,3,1,,,TF,ZM
gog1,2019,8,2,1,80,927,11,1,kegr,3,17,,,TF,ZM
gog1,2019,8,2,1,80,927,11,1,reil,3,1,,,TF,ZM
gog1,2019,8,2,1,80,927,11,1,shpe,2,17,,,TF,ZM
gog1,2019,8,2,1,80,927,11,1,crgu,3,7,,,TF,ZM
gog1,2019,8,2,1,80,927,11,1,enso,3,15,,,TF,ZM
gog1,2019,8,2,1,80,927,11,1,kecl,3,6,,,TF,ZM
gog1,2019,8,2,1,80,927,11,1,cabe,3,1,,,TF,ZM
gog1,2019,8,2,1,80,927,11,1,ling,1,1,,,TF,ZM
gog1,2019,8,2,1,80,927,11,1,coso,1,1,,,TF,ZM
gog1,2019,8,2,1,80,927,11,1,stke,1,1,,,TF,ZM
gog1,2019,8,2,1,80,927,11,1,pasa,3,1,,,TF,ZM
gog1,2019,8,2,2,160,955,11,1,byro,1,5,,,TF,ZM
gog1,2019,8,2,2,160,955,11,1,cqbr,1,10,,,TF,ZM
gog1,2019,8,2,2,160,955,11,1,bapi,3,28,,,TF,ZM
gog1,2019,8,2,2,160,955,11,1,tube,3,26,,,TF,ZM
gog1,2019,8,2,2,160,955,11,1,shpe,2,18,,,TF,ZM
gog1,2019,8,2,2,160,955,11,1,kecl,3,33,,,TF,ZM
gog1,2019,8,2,2,160,955,11,1,sisc,3,8,,,TF,ZM
gog1,2019,8,2,2,160,955,11,1,shpe,1,4,,,TF,ZM
gog1,2019,8,2,2,160,955,11,1,pegu,3,5,,,TF,ZM
gog1,2019,8,2,2,160,955,11,1,enso,3,15,,,TF,ZM
gog1,2019,8,2,2,160,955,11,1,kegr,3,7,,,TF,ZM
gog1,2019,8,2,2,160,955,11,1,stsc,3,8,,,TF,ZM
gog1,2019,8,2,2,160,955,11,1,crgu,3,10,,,TF,ZM
gog1,2019,8,2,2,160,955,11,1,stpe,3,1,,,TF,ZM
gog1,2019,8,2,2,160,955,11,1,unro,1,1,,,TF,ZM
gog1,2019,8,2,2,160,955,11,1,pasa,3,2,,,TF,ZM
gog1,2019,8,2,2,160,955,11,1,masc,3,1,,,TF,ZM
fan1,2019,8,3,1,0,805,11,1,bapi,3,5,,,KB,TF
fan1,2019,8,3,1,0,805,11,1,pasa,3,1,,,KB,TF
fan1,2019,8,3,1,0,805,11,1,ling,1,1,,,KB,TF
fan1,2019,8,3,1,0,805,11,1,tisc,3,71,,,KB,TF
fan1,2019,8,3,1,0,805,11,1,enso,3,16,,,KB,TF
fan1,2019,8,3,1,0,805,11,1,byro,1,1,,,KB,TF
fan1,2019,8,3,1,0,805,11,1,crgu,3,14,,,KB,TF
fan1,2019,8,3,1,0,805,11,1,pegu,3,7,,,KB,TF
fan1,2019,8,3,1,0,805,11,1,coso,3,1,,,KB,TF
fan1,2019,8,3,1,0,805,11,1,nocl,3,2,,,KB,TF
fan1,2019,8,3,1,0,805,11,1,reil,3,3,,,KB,TF
fan1,2019,8,3,1,0,805,11,1,kegr,1,8,,,KB,TF
fan1,2019,8,3,1,0,805,11,1,unar,3,1,,,KB,TF
fan1,2019,8,3,1,0,805,11,1,masc,3,5,,,KB,TF
fan1,2019,8,3,1,0,805,11,1,stpe,1,1,,,KB,TF
fan1,2019,8,3,1,0,805,11,1,tube,3,1,,,KB,TF
fan1,2019,8,3,1,0,805,11,1,busc,3,1,,,KB,TF
fan1,2019,8,3,1,0,805,11,1,stsc,3,3,,,KB,TF
fan1,2019,8,3,1,0,805,11,1,crke,3,1,,,KB,TF
fan1,2019,8,3,1,0,805,11,1,cqbr,1,1,,,KB,TF
fan1,2019,8,3,1,0,805,11,1,pagr,3,1,,,KB,TF
fan1,2019,8,3,2,100,840,11,2,byro,1,20,,,KB,TF
fan1,2019,8,3,2,100,840,11,2,unro,1,1,,,KB,TF
fan1,2019,8,3,2,100,840,11,2,bapi,3,35,,,KB,TF
fan1,2019,8,3,2,100,840,11,2,shpe,1,9,,,KB,TF
fan1,2019,8,3,2,100,840,11,2,masc,3,36,,,KB,TF
fan1,2019,8,3,2,100,840,11,2,pegu,3,12,,,KB,TF
fan1,2019,8,3,2,100,840,11,2,smsc,3,1,,,KB,TF
fan1,2019,8,3,2,100,840,11,2,crgu,3,22,,,KB,TF
fan1,2019,8,3,2,100,840,11,2,tube,3,11,,,KB,TF
fan1,2019,8,3,2,100,840,11,2,enso,3,1,,,KB,TF
fan1,2019,8,3,2,100,840,11,2,cqbr,1,1,,,KB,TF
fan1,2019,8,3,2,100,840,11,2,kecl,3,6,,,KB,TF
fan1,2019,8,3,2,100,840,11,2,stpe,1,2,,,KB,TF
fan1,2019,8,3,2,100,840,11,2,kegr,1,2,,,KB,TF
fan1,2019,8,3,2,100,840,11,2,tisc,3,1,,,KB,TF
fan1,2019,8,3,2,100,840,11,2,unke,3,1,,,KB,TF
fan1,2019,8,3,2,100,840,11,2,slco,3,1,,,KB,TF
fan1,2019,8,3,2,100,840,11,2,unsc,3,1,,,KB,TF
fan1,2019,8,3,2,100,840,11,2,unla,1,1,,,KB,TF
fan1,2019,8,3,2,100,840,11,2,nocl,3,2,,,KB,TF
fan1,2019,8,3,2,100,840,11,2,unar,3,1,,,KB,TF
fan1,2019,8,3,2,100,840,11,2,snsc,3,1,,,KB,TF
fan3,2019,8,3,1,100,1011,11,1,shpe,1,5,,,KB,TF
fan3,2019,8,3,1,100,1011,11,1,tube,1,23,,,KB,TF
fan3,2019,8,3,1,100,1011,11,1,bapi,3,52,,,KB,TF
fan3,2019,8,3,1,100,1011,11,1,byro,3,56,,,KB,TF
fan3,2019,8,3,1,100,1011,11,1,shpe,2,12,,,KB,TF
fan3,2019,8,3,1,100,1011,11,1,cqbr,1,41,,,KB,TF
fan3,2019,8,3,1,100,1011,11,1,tisc,3,206,,,KB,TF
fan3,2019,8,3,1,100,1011,11,1,coro,1,19,,,KB,TF
fan3,2019,8,3,1,100,1011,11,1,coso,3,1,,,KB,TF
fan3,2019,8,3,1,100,1011,11,1,masc,3,3,,,KB,TF
fan3,2019,8,3,1,100,1011,11,1,busc,3,5,,,KB,TF
fan3,2019,8,3,1,100,1011,11,1,kegr,3,18,,,KB,TF
fan3,2019,8,3,1,100,1011,11,1,pegu,3,7,,,KB,TF
fan3,2019,8,3,1,100,1011,11,1,crgu,3,15,,,KB,TF
fan3,2019,8,3,1,100,1011,11,1,kecl,3,2,,,KB,TF
fan3,2019,8,3,1,100,1011,11,1,stsc,3,1,,,KB,TF
fan3,2019,8,3,1,100,1011,11,1,enso,3,1,,,KB,TF
fan3,2019,8,3,1,100,1011,11,1,cabe,3,1,,,KB,TF
fan3,2019,8,3,1,100,1011,11,1,reil,3,1,,,KB,TF
fan3,2019,8,3,2,-25,1037,11,1,busc,3,1,,,KB,TF
fan3,2019,8,3,2,-25,1037,11,1,cabe,3,5,,,KB,TF
fan3,2019,8,3,2,-25,1037,11,1,coro,1,3,,,KB,TF
fan3,2019,8,3,2,-25,1037,11,1,bapi,3,48,,,KB,TF
fan3,2019,8,3,2,-25,1037,11,1,byro,1,20,,,KB,TF
fan3,2019,8,3,2,-25,1037,11,1,crke,3,1,,,KB,TF
fan3,2019,8,3,2,-25,1037,11,1,tisc,3,36,,,KB,TF
fan3,2019,8,3,2,-25,1037,11,1,sisc,3,1,,,KB,TF
fan3,2019,8,3,2,-25,1037,11,1,kegr,1,6,,,KB,TF
fan3,2019,8,3,2,-25,1037,11,1,pegu,3,1,,,KB,TF
fan3,2019,8,3,2,-25,1037,11,1,crgu,3,3,,,KB,TF
fan3,2019,8,3,2,-25,1037,11,1,cqbr,1,4,,,KB,TF
fan3,2019,8,3,2,-25,1037,11,1,unro,1,1,,,KB,TF
fan3,2019,8,3,2,-25,1037,11,1,hico,3,1,,,KB,TF
fan3,2019,8,3,2,-25,1037,11,1,tube,3,1,,,KB,TF
fan3,2019,8,3,2,-25,1037,11,1,unsn,3,1,,possibly tidepool snailfish,KB,TF
koe3,2019,8,4,1,0,910,11,1,bapi,3,3,,,TF,KB
koe3,2019,8,4,1,0,910,11,1,shpe,2,3,,,TF,KB
koe3,2019,8,4,1,0,910,11,1,shpe,1,47,,,TF,KB
koe3,2019,8,4,1,0,910,11,1,busc,3,1,,,TF,KB
koe3,2019,8,4,1,0,910,11,1,stsc,3,4,,,TF,KB
koe3,2019,8,4,1,0,910,11,1,pegu,3,1,,,TF,KB
koe3,2019,8,4,1,0,910,11,1,enso,3,1,,,TF,KB
koe3,2019,8,4,1,0,910,11,1,scsc,3,1,,,TF,KB
koe3,2019,8,4,1,0,910,11,1,byro,1,2,,,TF,KB
koe3,2019,8,4,1,0,910,11,1,tisc,3,1,,,TF,KB
koe3,2019,8,4,2,30,929,11,1,sand,3,10040,10000,,TF,KB
koe3,2019,8,4,2,30,929,11,1,stfl,3,2,,,TF,KB
koe3,2019,8,4,2,30,929,11,1,pasa,3,1,,,TF,KB
koe3,2019,8,4,2,30,929,11,1,tube,3,1,,,TF,KB
koe3,2019,8,4,2,30,929,11,1,herr,3,1,,,TF,KB
koe1,2019,8,4,1,300,1035,22,1,stsc,3,41,,,TF,KB
koe1,2019,8,4,1,300,1035,22,1,enso,3,180,,,TF,KB
koe1,2019,8,4,1,300,1035,22,1,pasa,3,61,,,TF,KB
koe1,2019,8,4,1,300,1035,22,1,bapi,3,3,,,TF,KB
koe1,2019,8,4,1,300,1035,22,1,saso,3,5,,,TF,KB
koe1,2019,8,4,1,300,1035,22,1,stfl,3,1,,,TF,KB
koe1,2019,8,4,1,300,1035,22,1,unsc,3,1,,ESCAPED!,TF,KB
koe1,2019,8,4,2,150,1103,22,1,stfl,3,10,,,TF,KB
koe1,2019,8,4,2,150,1103,22,1,stsc,3,28,,,TF,KB
koe1,2019,8,4,2,150,1103,22,1,enso,3,117,70,,TF,KB
koe1,2019,8,4,2,150,1103,22,1,pasa,3,119,71,,TF,KB
koe1,2019,8,4,2,150,1103,22,1,saso,3,15,9,,TF,KB
koe1,2019,8,4,2,150,1103,22,1,sand,3,129,,,TF,KB
koe1,2019,8,4,2,150,1103,22,1,dova,3,1,,,KB,KB
chp,2020,7,19,1,0,609,11,1,byro,3,38,,,CP,ZM
chp,2020,7,19,1,0,609,11,1,stpe,1,2,,,CP,ZM
chp,2020,7,19,1,0,609,11,1,shpe,3,104,80,,CP,ZM
chp,2020,7,19,1,0,609,11,1,tube,1,19,,,CP,ZM
chp,2020,7,19,1,0,609,11,1,coso,3,5,,,CP,ZM
chp,2020,7,19,1,0,609,11,1,pasa,3,10,,,CP,ZM
chp,2020,7,19,1,0,609,11,1,kegr,3,6,,,CP,ZM
chp,2020,7,19,1,0,609,11,1,rogr,3,1,,,CP,ZM
chp,2020,7,19,1,0,609,11,1,cabe,3,2,,,CP,ZM
chp,2020,7,19,1,0,609,11,1,blro,3,1,,,CP,ZM
chp,2020,7,19,1,0,609,11,1,busc,3,3,,,CP,ZM
chp,2020,7,19,1,0,609,11,1,tisc,3,1,,,CP,ZM
chp,2020,7,19,1,0,609,11,1,pegu,3,1,,,CP,ZM
chp,2020,7,19,2,60,630,11,1,shpe,3,8,,,CP,ZM
chp,2020,7,19,2,60,630,11,1,byro,3,25,,,CP,ZM
chp,2020,7,19,2,60,630,11,1,tube,2,13,,,CP,ZM
chp,2020,7,19,2,60,630,11,1,pasa,3,13,,,CP,ZM
chp,2020,7,19,2,60,630,11,1,pegu,3,7,,,CP,ZM
chp,2020,7,19,2,60,630,11,1,tube,1,31,,,CP,ZM
chp,2020,7,19,2,60,630,11,1,cqbr,1,8,,,CP,ZM
chp,2020,7,19,2,60,630,11,1,sisc,3,1,,,CP,ZM
chp,2020,7,19,2,60,630,11,1,coso,3,1,,,CP,ZM
chp,2020,7,19,2,60,630,11,1,rogr,3,2,,,CP,ZM
chp,2020,7,19,2,60,630,11,1,kegr,3,5,,,CP,ZM
chp,2020,7,19,2,60,630,11,1,busc,3,1,,,CP,ZM
chp,2020,7,19,2,60,630,11,1,enso,3,2,,,CP,ZM
chp,2020,7,19,2,60,630,11,1,sand,3,1,,,CP,ZM
chp,2020,7,19,2,60,630,11,1,smsc,3,1,,,CP,ZM
chp,2020,7,19,2,60,630,11,1,tisc,3,1,,,CP,ZM
hdo,2020,7,19,1,50,749,11,1,stsc,3,65,5,,CP,ZM
hdo,2020,7,19,1,50,749,11,1,shpe,3,18,100,,CP,ZM
hdo,2020,7,19,1,50,749,11,1,bapi,3,69,,,CP,ZM
hdo,2020,7,19,1,50,749,11,1,pasa,3,4,,,CP,ZM
hdo,2020,7,19,1,50,749,11,1,shpe,1,72,10,,CP,ZM
hdo,2020,7,19,1,50,749,11,1,ling,3,18,,,CP,ZM
hdo,2020,7,19,1,50,749,11,1,thst,3,26,5,,CP,ZM
hdo,2020,7,19,1,50,749,11,1,sisc,3,4,,,CP,ZM
hdo,2020,7,19,1,50,749,11,1,kegr,3,5,,,CP,ZM
hdo,2020,7,19,1,50,749,11,1,crgu,3,4,,,CP,ZM
hdo,2020,7,19,1,50,749,11,1,enso,3,1,,,CP,ZM
hdo,2020,7,19,1,50,749,11,1,bago,3,1,,,CP,ZM
hdo,2020,7,19,2,50,749,11,1,thst,3,2,,,CP,ZM
hdo,2020,7,19,2,50,749,11,1,pasa,3,4,,,CP,ZM
hdo,2020,7,19,2,50,749,11,1,kegr,3,3,,,CP,ZM
hdo,2020,7,19,2,50,749,11,1,crgu,3,3,,,CP,ZM
hdo,2020,7,19,2,50,749,11,1,snpr,3,1,,,CP,ZM
hdo,2020,7,19,2,50,749,11,1,stsc,3,24,,,CP,ZM
hdo,2020,7,19,2,50,749,11,1,tisc,3,4,,,CP,ZM
hdo,2020,7,19,2,50,749,11,1,ling,3,2,,,CP,ZM
hdo,2020,7,19,2,50,749,11,1,byro,3,1,,,CP,ZM
hdo,2020,7,19,2,50,749,11,1,shpe,2,14,,,ZM,ZM
hdo,2020,7,19,2,50,749,11,1,bapi,3,27,,,ZM,ZM
wfb,2020,7,20,1,150,623,22,1,stsc,3,68,,,AO,ZM
wfb,2020,7,20,1,150,623,22,1,saso,3,12,,,AO,ZM
wfb,2020,7,20,1,150,623,22,1,enso,3,58,,,AO,ZM
wfb,2020,7,20,1,150,623,22,1,pasa,3,15,,,AO,ZM
wfb,2020,7,20,1,150,623,22,1,ling,1,2,,,AO,ZM
wfb,2020,7,20,1,150,623,22,1,sand,3,2,,,AO,ZM
wfb,2020,7,20,1,150,623,22,1,thst,3,1,,,AO,ZM
wfb,2020,7,20,1,150,623,22,1,coho,3,1,,,AO,ZM
wfb,2020,7,20,1,150,623,22,1,susm,3,2,,,AO,ZM
wfb,2020,7,20,2,20,659,22,1,enso,3,24,,,AO,ZM
wfb,2020,7,20,2,20,659,22,1,saso,3,43,,,AO,ZM
wfb,2020,7,20,2,20,659,22,1,pasa,3,13,,,AO,ZM
wfb,2020,7,20,2,20,659,22,1,sand,3,176,,,AO,ZM
wfb,2020,7,20,2,20,659,22,1,stsc,3,6,,,AO,ZM
wfb,2020,7,20,2,20,659,22,1,thst,3,9,,,AO,ZM
ssp,2020,7,20,1,250,810,22,1,enso,3,366,113,,AO,ZM
ssp,2020,7,20,1,250,810,22,1,byro,1,1,,,AO,ZM
ssp,2020,7,20,1,250,810,22,1,pegu,3,5,,,AO,ZM
ssp,2020,7,20,1,250,810,22,1,shpe,3,9,,,AO,ZM
ssp,2020,7,20,1,250,810,22,1,pasa,3,9,3,,AO,ZM
ssp,2020,7,20,1,250,810,22,1,whgr,1,2,,,AO,ZM
ssp,2020,7,20,1,250,810,22,1,saso,3,13,4,,AO,ZM
ssp,2020,7,20,1,250,810,22,1,ling,1,7,,,AO,ZM
ssp,2020,7,20,1,250,810,22,1,cqbr,1,3,,,AO,ZM
ssp,2020,7,20,1,250,810,22,1,kegr,1,32,,,AO,ZM
ssp,2020,7,20,1,250,810,22,1,rogr,1,8,,,AO,ZM
ssp,2020,7,20,1,250,810,22,1,coro,3,7,,,AO,ZM
ssp,2020,7,20,1,250,810,22,1,sisc,3,2,,,AO,ZM
ssp,2020,7,20,1,250,810,22,1,cabe,3,3,,,AO,ZM
ssp,2020,7,20,1,250,810,22,1,stsc,3,2,,,AO,ZM
ssp,2020,7,20,1,250,810,22,1,pasa,3,15,,,AO,ZM
ssp,2020,7,20,1,250,810,22,1,pagr,1,1,,,AO,ZM
ssp,2020,7,20,1,250,810,22,1,thst,3,2,,,AO,ZM
ssp,2020,7,20,1,250,810,22,1,coso,3,2,,,AO,ZM
ssp,2020,7,20,1,250,810,22,1,stpe,3,1,,,AO,ZM
ssp,2020,7,20,2,15,838,22,1,pegu,3,1,,,AO,ZM
ssp,2020,7,20,2,15,838,22,1,unro,1,2,,,AO,ZM
ssp,2020,7,20,2,15,838,22,1,saso,3,7,7,,AO,ZM
ssp,2020,7,20,2,15,838,22,1,pasa,3,5,5,,AO,ZM
ssp,2020,7,20,2,15,838,22,1,enso,3,208,208,,AO,ZM
pba,2020,7,21,1,0,900,11,1,stsc,3,3,,,CP,ZM
pba,2020,7,21,1,0,900,11,1,bapi,3,7,,,CP,ZM
pba,2020,7,21,1,0,900,11,1,shpe,2,165,150,,CP,ZM
pba,2020,7,21,1,0,900,11,1,thst,3,52,25,,CP,ZM
pba,2020,7,21,1,0,900,11,1,shpe,1,135,100,,CP,ZM
pba,2020,7,21,1,0,900,11,1,stpe,3,3,,,CP,ZM
pba,2020,7,21,1,0,900,11,1,kepe,3,1,,,CP,ZM
pba,2020,7,21,1,0,900,11,1,stfl,3,1,,,CP,ZM
pba,2020,7,21,1,0,900,11,1,ling,3,8,,,CP,ZM
pba,2020,7,21,1,0,900,11,1,pasa,3,6,,,CP,ZM
pba,2020,7,21,1,0,900,11,1,crgu,3,2,,,CP,ZM
pba,2020,7,21,1,0,900,11,1,tisc,3,3,,,CP,ZM
pba,2020,7,21,2,50,914,11,1,bapi,3,7,,,CP,ZM
pba,2020,7,21,2,50,914,11,1,ling,3,6,,,CP,ZM
pba,2020,7,21,2,50,914,11,1,thst,2,20,,,CP,ZM
pba,2020,7,21,2,50,914,11,1,enso,3,1,,,CP,ZM
pba,2020,7,21,2,50,914,11,1,smsc,3,1,,,CP,ZM
pba,2020,7,21,2,50,914,11,1,pasc,3,3,,,CP,ZM
pba,2020,7,21,2,50,914,11,1,pasa,3,1,,,ZM,ZM
pba,2020,7,21,2,50,914,11,1,kepe,3,2,,,CP,ZM
pba,2020,7,21,2,50,914,11,1,tisc,3,1,,,CP,ZM
pba,2020,7,21,2,50,914,11,1,shpe,2,26,,,CP,ZM
pba,2020,7,21,2,50,914,11,1,shpe,1,30,30,,CP,ZM
ppo,2020,7,21,1,0,732,11,1,bapi,3,44,,,ZM,ZM
ppo,2020,7,21,1,0,732,11,1,shpe,2,524,500,,ZM,ZM
ppo,2020,7,21,1,0,732,11,1,shpe,1,5,,,ZM,ZM
ppo,2020,7,21,1,0,732,11,1,thst,3,164,30,,ZM,ZM
ppo,2020,7,21,1,0,732,11,1,stsc,3,3,,,ZM,ZM
ppo,2020,7,21,1,0,732,11,1,tisc,3,30,,,ZM,ZM
ppo,2020,7,21,1,0,732,11,1,ling,1,4,,,ZM,ZM
ppo,2020,7,21,1,0,732,11,1,smsc,3,5,,,ZM,ZM
ppo,2020,7,21,1,0,732,11,1,pasc,3,7,,,ZM,ZM
ppo,2020,7,21,1,0,732,11,1,crgu,3,1,,,ZM,ZM
ppo,2020,7,21,1,0,732,11,1,unar,1,1,,,ZM,ZM
ppo,2020,7,21,2,150,800,11,1,bapi,3,1,,,ZM,ZM
ppo,2020,7,21,2,150,800,11,1,ling,1,2,,,ZM,ZM
ppo,2020,7,21,2,150,800,11,1,enso,3,5,,,ZM,ZM
ppo,2020,7,21,2,150,800,11,1,tisc,3,17,,,ZM,ZM
ppo,2020,7,21,2,150,800,11,1,tube,1,1,,,ZM,ZM
ppo,2020,7,21,2,150,800,11,1,rbsc,3,1,,,ZM,ZM
ppo,2020,7,21,2,150,800,11,1,blgo,3,1,,,ZM,ZM
ppo,2020,7,21,2,150,800,11,1,shpe,3,95,,,ZM,ZM
ppo,2020,7,21,2,150,800,11,1,thst,3,6,,,ZM,ZM
koe1,2020,7,23,1,250,837,22,1,bapi,3,7,,,ZM,ZM
koe1,2020,7,23,1,250,837,22,1,enso,3,77,,,ZM,ZM
koe1,2020,7,23,1,250,837,22,1,pasa,3,37,,,ZM,ZM
koe1,2020,7,23,1,250,837,22,1,stsc,3,17,,,ZM,ZM
koe1,2020,7,23,1,250,837,22,1,saso,3,11,,,ZM,ZM
koe1,2020,7,23,1,250,837,22,1,coho,1,2,,,ZM,ZM
koe1,2020,7,23,1,250,837,22,1,thst,1,2,,,ZM,ZM
koe1,2020,7,23,1,250,837,22,1,dova,3,4,,,ZM,ZM
koe1,2020,7,23,1,250,837,22,1,stfl,3,1,,,ZM,ZM
koe1,2020,7,23,1,250,837,22,1,tupo,3,1,,,ZM,ZM
koe1,2020,7,23,2,80,900,22,1,stfl,3,19,,,ZM,ZM
koe1,2020,7,23,2,80,900,22,1,stsc,3,10,,,ZM,ZM
koe1,2020,7,23,2,80,900,22,1,enso,3,71,,,ZM,ZM
koe1,2020,7,23,2,80,900,22,1,pasa,3,32,,,ZM,ZM
koe1,2020,7,23,2,80,900,22,1,sand,3,643,400,"~1/2 NET SAMPLED, SECOND HALF ESTIMATED",ZM,ZM
koe1,2020,7,23,2,80,900,22,1,saso,3,4,,,ZM,ZM
koe1,2020,7,23,2,80,900,22,1,coho,1,3,,,ZM,ZM
koe1,2020,7,23,2,80,900,22,1,thst,3,1,,,ZM,ZM
koe3,2020,7,23,1,0,1032,11,1,sisc,3,9,,,ZM,ZM
koe3,2020,7,23,1,0,1032,11,1,shpe,1,363,200,"~1/2 NET SUBSAMPLE, REMAINDER ESTIMATED",ZM,ZM
koe3,2020,7,23,1,0,1032,11,1,shpe,2,4,,,ZM,ZM
koe3,2020,7,23,1,0,1032,11,1,bapi,3,1,,,ZM,ZM
koe3,2020,7,23,1,0,1032,11,1,pegu,3,1,,,ZM,ZM
koe3,2020,7,23,2,40,1044,11,1,sand,3,15,,,ZM,ZM
kis1,2020,7,24,1,0,927,11,1,shpe,2,22,,,ZM,CP
kis1,2020,7,24,1,0,927,11,1,tube,3,2,,,ZM,CP
kis1,2020,7,24,1,0,927,11,1,shpe,1,1,,,ZM,CP
kis1,2020,7,24,1,0,927,11,1,pegu,3,3,,,ZM,CP
kis1,2020,7,24,1,0,927,11,1,tisc,3,7,,,ZM,CP
kis1,2020,7,24,1,0,927,11,1,sand,3,11,,,ZM,CP
kis1,2020,7,24,1,0,927,11,1,smsc,3,4,,,ZM,CP
kis1,2020,7,24,1,0,927,11,1,byro,1,2,,,ZM,CP
kis1,2020,7,24,1,0,927,11,1,rbsc,3,6,,,ZM,CP
kis1,2020,7,24,1,0,927,11,1,bapi,2,1,,,ZM,CP
kis1,2020,7,24,1,0,927,11,1,stsc,3,1,,,ZM,CP
kis1,2020,7,24,1,0,927,11,1,crgu,3,1,,,ZM,CP
kis1,2020,7,24,1,0,927,11,1,busc,3,2,,,ZM,CP
kis1,2020,7,24,1,0,927,11,1,enso,3,2,,,ZM,CP
kis1,2020,7,24,1,0,927,11,1,masc,3,3,,,ZM,CP
kis1,2020,7,24,1,0,927,11,1,saso,3,1,,,ZM,CP
kis1,2020,7,24,1,0,927,11,1,sisc,3,1,,,ZM,CP
kis1,2020,7,24,1,0,927,11,1,unla,1,20,20,,ZM,CP
kis1,2020,7,24,2,15,947,11,1,tube,3,6,,,ZM,CP
kis1,2020,7,24,2,15,947,11,1,kepe,1,1,,,ZM,CP
kis1,2020,7,24,2,15,947,11,1,cqbr,1,3,,,ZM,CP
kis1,2020,7,24,2,15,947,11,1,shpe,2,21,,,ZM,CP
kis1,2020,7,24,2,15,947,11,1,tube,3,14,,,ZM,CP
kis1,2020,7,24,2,15,947,11,1,blro,1,25,,,ZM,CP
kis1,2020,7,24,2,15,947,11,1,cqbr,1,9,,,ZM,CP
kis1,2020,7,24,2,15,947,11,1,bapi,3,11,,,ZM,CP
kis1,2020,7,24,2,15,947,11,1,coso,3,8,,,ZM,CP
kis1,2020,7,24,2,15,947,11,1,byro,1,6,,,ZM,CP
kis1,2020,7,24,2,15,947,11,1,sisc,3,3,,,ZM,CP
kis1,2020,7,24,2,15,947,11,1,crgu,3,20,,,ZM,CP
kis1,2020,7,24,2,15,947,11,1,shpe,1,2,,,ZM,CP
kis1,2020,7,24,2,15,947,11,1,kegr,1,8,,,ZM,CP
kis1,2020,7,24,2,15,947,11,1,ling,1,1,,,ZM,CP
kis1,2020,7,24,2,15,947,11,1,coro,1,2,,,ZM,CP
kis1,2020,7,24,2,15,947,11,1,busc,3,2,,,ZM,CP
kis1,2020,7,24,2,15,947,11,1,enso,3,9,,,ZM,CP
kis1,2020,7,24,2,15,947,11,1,roso,3,1,,,ZM,CP
kis1,2020,7,24,2,15,947,11,1,pasa,3,1,,,ZM,CP
kis2,2020,7,24,1,40,1115,11,1,tisc,3,9,,,ZM,CP
kis2,2020,7,24,1,40,1115,11,1,pasc,3,1,,,ZM,CP
kis2,2020,7,24,1,40,1115,11,1,bapi,2,3,,,ZM,CP
kis2,2020,7,24,1,40,1115,11,1,enso,3,18,,,ZM,CP
kis2,2020,7,24,1,40,1115,11,1,saso,3,3,,,ZM,CP
kis2,2020,7,24,1,40,1115,11,1,cqbr,1,2,,,ZM,CP
kis2,2020,7,24,1,40,1115,11,1,busc,3,2,,,ZM,CP
kis2,2020,7,24,1,40,1115,11,1,rbsc,3,6,,,ZM,CP
kis2,2020,7,24,1,40,1115,11,1,pasa,3,2,,,ZM,CP
kis2,2020,7,24,1,40,1115,11,1,tube,1,1,,,ZM,CP
kis2,2020,7,24,1,40,1115,11,1,kegr,1,21,,,ZM,CP
kis2,2020,7,24,1,40,1115,11,1,cabe,1,1,,,ZM,CP
kis2,2020,7,24,1,40,1115,11,1,crgu,3,13,,,ZM,CP
kis2,2020,7,24,1,40,1115,11,1,byro,1,3,,,ZM,CP
kis2,2020,7,24,1,40,1115,11,1,shpe,2,2,,,ZM,CP
kis2,2020,7,24,1,40,1115,11,1,pegu,3,1,,,ZM,CP
kis2,2020,7,24,1,40,1115,11,1,shpe,1,1,,,ZM,CP
kis2,2020,7,24,1,40,1115,11,1,nocl,3,2,,,ZM,CP
kis2,2020,7,24,1,40,1115,11,1,ling,1,1,,,ZM,CP
kis2,2020,7,24,1,40,1115,11,1,roso,3,2,,,ZM,CP
kis2,2020,7,24,1,40,1115,11,1,masc,3,1,,,ZM,CP
kis2,2020,7,24,1,40,1115,11,1,smsc,3,2,,,ZM,CP
kis2,2020,7,24,2,5,1137,11,1,bapi,3,16,,,ZM,CP
kis2,2020,7,24,2,5,1137,11,1,cqbr,1,6,,,ZM,CP
kis2,2020,7,24,2,5,1137,11,1,shpe,2,5,,,ZM,CP
kis2,2020,7,24,2,5,1137,11,1,tube,1,3,,,ZM,CP
kis2,2020,7,24,2,5,1137,11,1,shpe,1,1,,,ZM,CP
kis2,2020,7,24,2,5,1137,11,1,byro,1,8,,,ZM,CP
kis2,2020,7,24,2,5,1137,11,1,crgu,3,16,,,ZM,CP
kis2,2020,7,24,2,5,1137,11,1,busc,3,9,,,ZM,CP
kis2,2020,7,24,2,5,1137,11,1,smsc,3,3,,,ZM,CP
kis2,2020,7,24,2,5,1137,11,1,rbsc,3,1,,,ZM,CP
kis2,2020,7,24,2,5,1137,11,1,stpe,1,1,,,ZM,CP
kis2,2020,7,24,2,5,1137,11,1,enso,3,1,,,ZM,CP
kis2,2020,7,24,2,5,1137,11,1,stsc,3,2,,,ZM,CP
kis2,2020,7,24,2,5,1137,11,1,tisc,3,4,,,ZM,CP
kis2,2020,7,24,2,5,1137,11,1,nocl,3,6,,,ZM,CP
fan1,2020,7,25,1,0,1016,11,1,shpe,2,15,,,AO,CP
fan1,2020,7,25,1,0,1016,11,1,sisc,3,6,,,AO,CP
fan1,2020,7,25,1,0,1016,11,1,enso,3,4,,,AO,CP
fan1,2020,7,25,1,0,1016,11,1,bapi,3,6,,,AO,CP
fan1,2020,7,25,1,0,1016,11,1,cqbr,1,1,,,AO,CP
fan1,2020,7,25,1,0,1016,11,1,tisc,3,38,,,AO,CP
fan1,2020,7,25,1,0,1016,11,1,busc,3,1,,,AO,CP
fan1,2020,7,25,1,0,1016,11,1,pegu,3,9,,,AO,CP
fan1,2020,7,25,1,0,1016,11,1,smsc,3,2,,,AO,CP
fan1,2020,7,25,1,0,1016,11,1,ling,1,1,,,AO,CP
fan1,2020,7,25,1,0,1016,11,1,kegr,3,3,,,AO,CP
fan1,2020,7,25,1,0,1016,11,1,crgu,3,2,,,AO,CP
fan1,2020,7,25,1,0,1016,11,1,stpe,3,1,,,AO,CP
fan1,2020,7,25,1,0,1016,11,1,pasc,3,1,,,AO,CP
fan1,2020,7,25,1,0,1016,11,1,reil,1,1,,,AO,CP
fan1,2020,7,25,1,0,1016,11,1,scsc,3,2,,,AO,CP
fan1,2020,7,25,2,180,1041,11,1,shpe,1,69,,,AO,CP
fan1,2020,7,25,2,180,1041,11,1,bapi,2,9,,,AO,CP
fan1,2020,7,25,2,180,1041,11,1,bapi,1,2,,,AO,CP
fan1,2020,7,25,2,180,1041,11,1,shpe,2,16,,,AO,CP
fan1,2020,7,25,2,180,1041,11,1,tube,3,1,,,AO,CP
fan1,2020,7,25,2,180,1041,11,1,tisc,3,35,,,AO,CP
fan1,2020,7,25,2,180,1041,11,1,byro,1,3,,,AO,CP
fan1,2020,7,25,2,180,1041,11,1,cqbr,1,2,,,AO,CP
fan1,2020,7,25,2,180,1041,11,1,coro,1,3,,,AO,CP
fan1,2020,7,25,2,180,1041,11,1,pegu,3,11,,,AO,CP
fan1,2020,7,25,2,180,1041,11,1,stpe,1,2,,,AO,CP
fan1,2020,7,25,2,180,1041,11,1,kegr,1,7,,,AO,CP
fan1,2020,7,25,2,180,1041,11,1,crgu,3,7,,,AO,CP
fan1,2020,7,25,2,180,1041,11,1,smsc,3,2,,,AO,CP
fan1,2020,7,25,2,180,1041,11,1,enso,3,4,,,AO,CP
fan1,2020,7,25,2,180,1041,11,1,scsc,3,2,,,AO,CP
fan1,2020,7,25,2,180,1041,11,1,masc,3,2,,,AO,CP
fan1,2020,7,25,2,180,1041,11,1,whgr,1,1,,,AO,CP
fan1,2020,7,25,2,180,1041,11,1,ling,1,1,,,AO,CP
fan1,2020,7,25,2,180,1041,11,1,kecl,1,1,,,AO,CP
fan1,2020,7,25,2,180,1041,11,1,unsc,1,1,,,AO,CP
gog1,2020,7,26,1,50,1220,11,2,tube,3,1,,,CP,AO
gog1,2020,7,26,1,50,1220,11,2,bapi,3,9,,,CP,AO
gog1,2020,7,26,1,50,1220,11,2,shpe,1,5,,,CP,AO
gog1,2020,7,26,1,50,1220,11,2,enso,3,82,,,CP,AO
gog1,2020,7,26,1,50,1220,11,2,shpe,2,1,,,CP,AO
gog1,2020,7,26,1,50,1220,11,2,pegu,3,6,,,CP,AO
gog1,2020,7,26,1,50,1220,11,2,stsc,3,4,,,CP,AO
gog1,2020,7,26,1,50,1220,11,2,crgu,3,1,,,CP,AO
gog1,2020,7,26,2,90,1245,11,1,enso,3,266,,,CP,AO
gog1,2020,7,26,2,90,1245,11,1,bapi,3,6,,,CP,AO
gog1,2020,7,26,2,90,1245,11,1,stsc,3,13,,,CP,AO
gog1,2020,7,26,2,90,1245,11,1,crgu,3,3,,,CP,AO
gog1,2020,7,26,2,90,1245,11,1,shpe,1,1,,,CP,AO
gog1,2020,7,26,2,90,1245,11,1,pegu,3,2,,,CP,AO
gog1,2020,7,26,2,90,1245,11,1,sisc,3,1,,,CP,AO
gog1,2020,7,26,2,90,1245,11,1,pasa,3,1,,,CP,AO
gog1,2020,7,26,2,90,1245,11,1,saso,3,1,,,CP,AO
gog4,2020,7,26,1,200,1057,11,1,sisc,3,1,,,CP,AO
gog4,2020,7,26,1,200,1057,11,1,sand,1,102,,,CP,AO
gog4,2020,7,26,1,200,1057,11,1,shpe,3,1,,,CP,AO
gog4,2020,7,26,1,200,1057,11,1,enso,3,140,,,CP,AO
gog4,2020,7,26,1,200,1057,11,1,tisc,3,2,,,CP,AO
gog4,2020,7,26,1,200,1057,11,1,herr,1,1,,,CP,AO
gog4,2020,7,26,1,200,1057,11,1,saso,3,11,,,CP,AO
gog4,2020,7,26,1,200,1057,11,1,unfl,1,24,,,CP,AO
gog4,2020,7,26,1,200,1057,11,1,kegr,1,1,,,CP,AO
gog4,2020,7,26,2,10,1116,11,1,enso,3,163,,,CP,AO
gog4,2020,7,26,2,10,1116,11,1,stsc,3,1,,,CP,AO
gog4,2020,7,26,2,10,1116,11,1,shpe,1,9,,,CP,AO
gog4,2020,7,26,2,10,1116,11,1,saso,3,22,,,CP,AO
gog4,2020,7,26,2,10,1116,11,1,shpe,2,2,,,CP,AO
gog4,2020,7,26,2,10,1116,11,1,pasa,3,1,,,CP,AO
gog4,2020,7,26,2,10,1116,11,1,tisc,3,1,,,CP,AO
fan3,2020,7,25,1,160,1211,11,1,shpe,2,10,,,AO,CP
fan3,2020,7,25,1,160,1211,11,1,enso,3,25,,,AO,CP
fan3,2020,7,25,1,160,1211,11,1,ling,1,2,,,AO,CP
fan3,2020,7,25,1,160,1211,11,1,bapi,3,30,,,AO,CP
fan3,2020,7,25,1,160,1211,11,1,busc,3,9,,,AO,CP
fan3,2020,7,25,1,160,1211,11,1,tisc,3,99,,,AO,CP
fan3,2020,7,25,1,160,1211,11,1,kegr,1,12,,,AO,CP
fan3,2020,7,25,1,160,1211,11,1,shpe,1,4,,,AO,CP
fan3,2020,7,25,1,160,1211,11,1,pegu,3,1,,,AO,CP
fan3,2020,7,25,1,160,1211,11,1,cqbr,1,1,,,AO,CP
fan3,2020,7,25,1,160,1211,11,1,whgr,1,1,,,AO,CP
fan3,2020,7,25,2,0,1234,11,1,tisc,3,121,,,AO,CP
fan3,2020,7,25,2,0,1234,11,1,bapi,3,3,,,AO,CP
fan3,2020,7,25,2,0,1234,11,1,kegr,1,6,,,AO,CP
fan3,2020,7,25,2,0,1234,11,1,pegu,3,23,,,AO,CP
fan3,2020,7,25,2,0,1234,11,1,ling,1,8,,,AO,CP
fan3,2020,7,25,2,0,1234,11,1,busc,3,1,,,AO,CP
fan3,2020,7,25,2,0,1234,11,1,whgr,1,3,,,AO,CP
fan3,2020,7,25,2,0,1234,11,1,shpe,2,2,,,AO,CP
fan3,2020,7,25,2,0,1234,11,1,stsc,3,1,,,AO,CP
fan3,2020,7,25,2,0,1234,11,1,enso,3,1,,,AO,CP
gog1,2020,8,4,1,40,755,11,1,whgr,3,42,,,AO,CP
gog1,2020,8,4,1,40,755,11,1,shpe,2,62,20,,AO,CP
gog1,2020,8,4,1,40,755,11,1,bapi,3,10,,,AO,CP
gog1,2020,8,4,1,40,755,11,1,ling,1,10,,,AO,CP
gog1,2020,8,4,1,40,755,11,1,tube,3,9,,,AO,CP
gog1,2020,8,4,1,40,755,11,1,enso,3,127,,,AO,CP
gog1,2020,8,4,1,40,755,11,1,pegu,3,3,,,AO,CP
gog1,2020,8,4,1,40,755,11,1,stsc,3,5,,,AO,CP
gog1,2020,8,4,1,40,755,11,1,coso,3,1,,,AO,CP
gog1,2020,8,4,1,40,755,11,1,sisc,3,3,,,AO,CP
gog1,2020,8,4,1,40,755,11,1,tisc,3,3,,,AO,CP
gog1,2020,8,4,1,40,755,11,1,pasa,3,2,,,AO,CP
gog1,2020,8,4,1,40,755,11,1,crgu,3,3,,,AO,CP
gog1,2020,8,4,1,40,755,11,1,reil,3,1,,,AO,CP
gog1,2020,8,4,1,40,755,11,1,rogr,3,1,,,AO,CP
gog1,2020,8,4,2,120,821,11,1,bapi,3,17,,,AO,CP
gog1,2020,8,4,2,120,821,11,1,sisc,3,6,,,AO,CP
gog1,2020,8,4,2,120,821,11,1,pegu,3,4,,,AO,CP
gog1,2020,8,4,2,120,821,11,1,kegr,3,2,,,AO,CP
gog1,2020,8,4,2,120,821,11,1,stsc,3,4,,,AO,CP
gog1,2020,8,4,2,120,821,11,1,whgr,3,14,,,AO,CP
gog1,2020,8,4,2,120,821,11,1,sasc,3,1,,sailfin,AO,CP
gog1,2020,8,4,2,120,821,11,1,enso,3,37,,,AO,CP
gog1,2020,8,4,2,120,821,11,1,tube,3,1,,,AO,CP
gog1,2020,8,4,2,120,821,11,1,tisc,3,1,,,AO,CP
gog1,2020,8,4,2,120,821,11,1,ling,3,2,,,AO,CP
gog1,2020,8,4,2,120,821,11,1,shpe,1,7,,,AO,CP
gog1,2020,8,4,2,120,821,11,1,crgu,3,2,,,AO,CP
gog1,2020,8,4,2,120,821,11,1,shpe,2,29,29,from bycatch ,CP,CP
hdo,2021,7,8,1,100,532,11,1,stsc,3,81,22,,RO,CP
hdo,2021,7,8,1,100,532,11,1,shpe,3,98,90,,RO,CP
hdo,2021,7,8,1,100,532,11,1,pasa,3,13,,,RO,CP
hdo,2021,7,8,1,100,532,11,1,enso,3,14,,,RO,CP
hdo,2021,7,8,1,100,532,11,1,bapi,3,3,,,RO,CP
hdo,2021,7,8,1,100,532,11,1,tisc,3,5,,,RO,CP
hdo,2021,7,8,2,0,551,11,1,stsc,3,48,,,RO,CP
hdo,2021,7,8,2,0,551,11,1,ling,1,3,,,RO,CP
hdo,2021,7,8,2,0,551,11,1,shpe,3,112,,,RO,CP
hdo,2021,7,8,2,0,551,11,1,bapi,3,56,,,RO,CP
hdo,2021,7,8,2,0,551,11,1,chin,1,1,,,RO,CP
hdo,2021,7,8,2,0,551,11,1,tube,3,9,,,RO,CP
hdo,2021,7,8,2,0,551,11,1,kegr,3,2,,,RO,CP
hdo,2021,7,8,2,0,551,11,1,crgu,3,3,,,RO,CP
hdo,2021,7,8,2,0,551,11,1,stfl,3,1,,,RO,CP
hdo,2021,7,8,2,0,551,11,1,susm,3,1,,,RO,CP
hdo,2021,7,8,2,0,551,11,1,pasc,3,1,,,RO,CP
hdo,2021,7,8,2,0,551,11,1,pasa,3,1,,,RO,CP
hdo,2021,7,8,2,0,551,11,1,tisc,3,41,,,RO,CP
hdo,2021,7,8,2,0,551,11,1,busc,3,1,,,RO,CP
hdo,2021,7,8,2,0,551,11,1,pegu,3,2,,,RO,CP
hdo,2021,7,8,2,0,551,11,1,hico,3,2,,,RO,CP
hdo,2021,7,8,2,0,551,11,1,enso,3,1,,,RO,CP
hdo,2021,7,8,2,0,551,11,1,blgo,3,1,,,RO,CP
chp,2021,7,8,1,0,725,11,1,cabe,3,1,,,RO,ZM
chp,2021,7,8,1,0,725,11,1,bapi,3,1,,,RO,ZM
chp,2021,7,8,1,0,725,11,1,pasa,3,7,,,RO,ZM
chp,2021,7,8,1,0,725,11,1,busc,3,8,,,RO,ZM
chp,2021,7,8,1,0,725,11,1,cqbr,1,8,,,RO,ZM
chp,2021,7,8,1,0,725,11,1,shpe,2,1,,,RO,ZM
chp,2021,7,8,1,0,725,11,1,kegr,1,1,,,RO,ZM
chp,2021,7,8,1,0,725,11,1,byro,1,20,,,RO,ZM
chp,2021,7,8,1,0,725,11,1,pegu,3,2,,,RO,ZM
chp,2021,7,8,1,0,725,11,1,reil,3,1,,,RO,ZM
chp,2021,7,8,1,0,725,11,1,tisc,3,2,,,RO,ZM
chp,2021,7,8,1,0,725,11,1,smsc,3,2,,,RO,ZM
chp,2021,7,8,2,40,744,11,1,shpe,1,2,,,RO,ZM
chp,2021,7,8,2,40,744,11,1,byro,1,18,,,RO,ZM
chp,2021,7,8,2,40,744,11,1,pasa,3,8,,,RO,ZM
chp,2021,7,8,2,40,744,11,1,tube,1,1,,,RO,ZM
chp,2021,7,8,2,40,744,11,1,cqbr,1,5,,,RO,ZM
chp,2021,7,8,2,40,744,11,1,pegu,3,6,,,RO,ZM
chp,2021,7,8,2,40,744,11,1,cabe,3,1,,,RO,ZM
chp,2021,7,8,2,40,744,11,1,tisc,3,3,,,RO,ZM
chp,2021,7,8,2,40,744,11,1,scsc,3,1,,,RO,ZM
chp,2021,7,8,2,40,744,11,1,busc,3,2,,,RO,ZM
ssp,2021,7,9,1,240,721,22,1,cqbr,1,430,,,CP,KB
ssp,2021,7,9,1,240,721,22,1,tube,3,59,,,CP,KB
ssp,2021,7,9,1,240,721,22,1,byro,1,61,,,CP,KB
ssp,2021,7,9,1,240,721,22,1,enso,3,187,,,CP,KB
ssp,2021,7,9,1,240,721,22,1,bapi,3,2,,,CP,KB
ssp,2021,7,9,1,240,721,22,1,herr,3,3,,,CP,KB
ssp,2021,7,9,1,240,721,22,1,sand,3,43,,,CP,KB
ssp,2021,7,9,1,240,721,22,1,paco,3,6,,,CP,KB
ssp,2021,7,9,1,240,721,22,1,thst,3,1,,,CP,KB
ssp,2021,7,9,1,240,721,22,1,pegu,3,5,,,CP,KB
ssp,2021,7,9,1,240,721,22,1,rogr,3,5,,,CP,KB
ssp,2021,7,9,1,240,721,22,1,coso,3,4,,,CP,KB
ssp,2021,7,9,1,240,721,22,1,pasa,3,19,,,CP,KB
ssp,2021,7,9,1,240,721,22,1,shpe,3,9,,,CP,KB
ssp,2021,7,9,1,240,721,22,1,saso,3,1,,,CP,KB
ssp,2021,7,9,1,240,721,22,1,busc,3,2,,,CP,KB
ssp,2021,7,9,1,240,721,22,1,ling,1,2,,,CP,KB
ssp,2021,7,9,1,240,721,22,1,grsc,3,1,,,CP,KB
ssp,2021,7,9,2,20,822,22,1,pasa,3,16,,,CP,KB
ssp,2021,7,9,2,20,822,22,1,enso,3,195,,,CP,KB
ssp,2021,7,9,2,20,822,22,1,sand,3,28,,,CP,KB
ssp,2021,7,9,2,20,822,22,1,saso,3,13,,,CP,KB
ssp,2021,7,9,2,20,822,22,1,chin,1,3,,,CP,KB
ssp,2021,7,9,2,20,822,22,1,dova,3,1,,,CP,KB
ssp,2021,7,9,2,20,822,22,1,stsc,3,1,,,KB,KB
ssp,2021,7,9,2,20,822,22,1,stfl,3,1,,,KB,KB
wfb,2021,7,9,1,150,554,22,1,herr,1,1944,1805,,RO,CP
wfb,2021,7,9,1,150,554,22,1,sand,3,210,195,,RO,CP
wfb,2021,7,9,1,150,554,22,1,byro,1,1,,,RO,CP
wfb,2021,7,9,1,150,554,22,1,stsc,3,3,,,RO,CP
wfb,2021,7,9,1,150,554,22,1,enso,3,44,,,RO,CP
wfb,2021,7,9,1,150,554,22,1,pasa,3,5,,,RO,CP
wfb,2021,7,9,1,150,554,22,1,saso,3,2,,,RO,CP
wfb,2021,7,9,1,0,615,22,2,chin,1,2,,,RO,CP
wfb,2021,7,9,1,0,615,22,2,saso,3,22,,,RO,CP
wfb,2021,7,9,1,0,615,22,2,pasa,3,9,,,RO,CP
wfb,2021,7,9,1,0,615,22,2,herr,1,1,,,RO,CP
wfb,2021,7,9,1,0,615,22,2,cqbr,1,1,,,RO,CP
wfb,2021,7,9,1,0,615,22,2,sand,3,1,,,CP,RO
wfb,2021,7,9,1,0,615,22,2,enso,3,47,,,CP,RO
ppo,2021,7,10,1,0,700,11,1,stsc,3,6,,,CP,RO
ppo,2021,7,10,1,0,700,11,1,bapi,3,49,,,CP,RO
ppo,2021,7,10,1,0,700,11,1,tube,3,4,,,CP,RO
ppo,2021,7,10,1,0,700,11,1,shpe,1,14,,,CP,RO
ppo,2021,7,10,1,0,700,11,1,shpe,2,62,,,CP,RO
ppo,2021,7,10,1,0,700,11,1,pasc,3,2,,,CP,RO
ppo,2021,7,10,1,0,700,11,1,slco,3,1,,,CP,RO
ppo,2021,7,10,1,0,700,11,1,tisc,3,117,,,CP,RO
ppo,2021,7,10,1,0,700,11,1,thst,1,2,,,CP,RO
ppo,2021,7,10,1,0,700,11,1,blro,1,2,,,CP,RO
ppo,2021,7,10,1,0,700,11,1,crgu,3,9,,,CP,RO
ppo,2021,7,10,1,0,700,11,1,pegu,3,2,,,CP,RO
ppo,2021,7,10,1,0,700,11,1,hico,3,1,,,CP,RO
ppo,2021,7,10,1,0,700,11,1,byro,1,1,,,CP,RO
ppo,2021,7,10,1,0,700,11,1,smsc,3,1,,,CP,RO
ppo,2021,7,10,2,75,725,11,1,enso,3,2,,,CP,RO
ppo,2021,7,10,2,75,725,11,1,rbsc,3,1,,,CP,RO
ppo,2021,7,10,2,75,725,11,1,bapi,3,1,,,CP,RO
ppo,2021,7,10,2,75,725,11,1,blgo,3,3,,,CP,RO
ppo,2021,7,10,2,75,725,11,1,ling,1,1,,,CP,RO
ppo,2021,7,10,2,75,725,11,1,pasc,3,1,,,CP,RO
ppo,2021,7,10,2,75,725,11,1,pasa,3,1,,,CP,RO
ppo,2021,7,10,2,75,725,11,1,slco,3,1,,,CP,RO
ppo,2021,7,10,2,75,725,11,1,pegu,3,1,,,CP,RO
ppo,2021,7,10,2,75,725,11,1,smsc,3,1,,,CP,RO
ppo,2021,7,10,2,75,725,11,1,tisc,3,168,,,CP,RO
pba,2021,7,10,1,0,847,11,1,shpe,2,44,,,ZM,RO
pba,2021,7,10,1,0,847,11,1,thst,2,18,,,ZM,RO
pba,2021,7,10,1,0,847,11,1,bapi,2,1,,,ZM,RO
pba,2021,7,10,1,0,847,11,1,busc,3,1,,,ZM,RO
pba,2021,7,10,1,0,847,11,1,pasc,3,2,,,ZM,RO
pba,2021,7,10,1,0,847,11,1,tisc,3,113,,,ZM,RO
pba,2021,7,10,1,0,847,11,1,bago,3,2,,,ZM,RO
pba,2021,7,10,1,0,847,11,1,ling,1,2,,,ZM,RO
pba,2021,7,10,1,0,847,11,1,whgr,1,1,,,ZM,RO
pba,2021,7,10,1,0,847,11,1,thst,1,10,,,ZM,RO
pba,2021,7,10,1,0,847,11,1,grsc,3,2,,,ZM,RO
pba,2021,7,10,1,0,847,11,1,pasa,3,7,,,ZM,RO
pba,2021,7,10,1,0,847,11,1,hico,3,1,,,ZM,RO
pba,2021,7,10,1,0,847,11,1,shpe,1,1,,,ZM,RO
pba,2021,7,10,1,0,847,11,1,stsc,2,1,,,ZM,RO
pba,2021,7,10,2,70,906,11,1,bapi,3,9,,,ZM,RO
pba,2021,7,10,2,70,906,11,1,thst,2,19,,,ZM,RO
pba,2021,7,10,2,70,906,11,1,ling,1,5,,,ZM,RO
pba,2021,7,10,2,70,906,11,1,whgr,1,3,,,ZM,RO
pba,2021,7,10,2,70,906,11,1,thst,1,320,300,,ZM,RO
pba,2021,7,10,2,70,906,11,1,tisc,3,7,,,ZM,RO
pba,2021,7,10,2,70,906,11,1,pasa,3,8,,,ZM,RO
pba,2021,7,10,2,70,906,11,1,enso,3,5,,,ZM,RO
pba,2021,7,10,2,70,906,11,1,crgu,2,1,,,ZM,RO
pba,2021,7,10,2,70,906,11,1,blgo,3,1,,,ZM,RO
pba,2021,7,10,2,70,906,11,1,bago,3,1,,,ZM,RO
pba,2021,7,10,2,70,906,11,1,pegu,3,2,,,ZM,RO
pba,2021,7,10,2,70,906,11,1,pasc,3,1,,,ZM,RO
pba,2021,7,10,2,70,906,11,1,shpe,2,65,,,ZM,RO
pba,2021,7,10,2,70,906,11,1,stsc,2,1,,,ZM,RO
koe3,2021,7,11,1,0,718,11,1,coho,1,45,,,CP,RO
koe3,2021,7,11,1,0,718,11,1,pink,1,1,,,CP,RO
koe3,2021,7,11,1,0,718,11,1,sand,3,10,,,CP,RO
koe3,2021,7,11,1,0,718,11,1,tisc,3,8,,,CP,RO
koe3,2021,7,11,1,0,718,11,1,sisc,3,1,,,CP,RO
koe3,2021,7,11,1,0,718,11,1,kegr,3,2,,,CP,RO
koe3,2021,7,11,1,0,718,11,1,shpe,2,2,,,CP,RO
koe3,2021,7,11,1,0,718,11,1,pegu,3,4,,,CP,RO
koe3,2021,7,11,1,0,718,11,1,enso,3,11,,,CP,RO
koe3,2021,7,11,1,0,718,11,1,crgu,3,2,,,CP,RO
koe3,2021,7,11,1,0,718,11,1,reil,3,1,,,CP,RO
koe3,2021,7,11,1,0,718,11,2,sand,3,3020,3000,,CP,RO
koe3,2021,7,11,1,0,718,11,2,shpe,2,1,,,CP,RO
koe3,2021,7,11,1,0,718,11,2,busc,3,2,,,CP,RO
koe3,2021,7,11,1,0,718,11,2,enso,3,2,,,CP,RO
koe1,2021,7,11,1,240,828,22,1,stfl,3,8,,,CP,RO
koe1,2021,7,11,1,240,828,22,1,stsc,3,5,,,CP,RO
koe1,2021,7,11,1,240,828,22,1,enso,3,200,88,,CP,RO
koe1,2021,7,11,1,240,828,22,1,pasa,3,29,13,,CP,RO
koe1,2021,7,11,1,240,828,22,1,ling,1,1,,,CP,RO
koe1,2021,7,11,1,240,828,22,1,coho,1,1,,,CP,RO
koe1,2021,7,11,2,50,856,22,1,stfl,3,18,,,CP,RO
koe1,2021,7,11,2,50,856,22,1,stsc,3,3,,,CP,RO
koe1,2021,7,11,2,50,856,22,1,sand,3,204,,,CP,RO
koe1,2021,7,11,2,50,856,22,1,coho,1,1,,,CP,RO
koe1,2021,7,11,2,50,856,22,1,enso,3,360,198,,CP,RO
koe1,2021,7,11,2,50,856,22,1,pasa,3,2,1,,CP,RO
koe1,2021,7,11,2,50,856,22,1,saso,1,2,1,,CP,RO
kis1,2021,7,12,1,20,825,11,1,cqbr,1,8,,,ZM,CP
kis1,2021,7,12,1,20,825,11,1,byro,1,25,,,ZM,CP
kis1,2021,7,12,1,20,825,11,1,pasa,3,8,,,ZM,CP
kis1,2021,7,12,1,20,825,11,1,sand,3,1,,,ZM,CP
kis1,2021,7,12,1,20,825,11,1,shpe,2,5,,,ZM,CP
kis1,2021,7,12,1,20,825,11,1,bapi,2,1,,,ZM,CP
kis1,2021,7,12,1,20,825,11,1,enso,3,14,,,ZM,CP
kis1,2021,7,12,1,20,825,11,1,crgu,3,4,,,ZM,CP
kis1,2021,7,12,1,20,825,11,1,kegr,1,1,,,ZM,CP
kis1,2021,7,12,2,0,841,11,1,bapi,2,1,,,ZM,CP
kis1,2021,7,12,2,0,841,11,1,enso,3,10,,,ZM,CP
kis1,2021,7,12,2,0,841,11,1,shpe,2,3,,,ZM,CP
kis1,2021,7,12,2,0,841,11,1,sand,3,440,400,,ZM,CP
kis1,2021,7,12,2,0,841,11,1,byro,1,5,,,ZM,CP
kis1,2021,7,12,2,0,841,11,1,busc,1,1,,,ZM,CP
kis1,2021,7,12,2,0,841,11,1,crgu,3,4,,,ZM,CP
kis1,2021,7,12,2,0,841,11,1,kegr,1,5,,,ZM,CP
kis1,2021,7,12,2,0,841,11,1,cqbr,1,3,,,ZM,CP
kis2,2021,7,12,1,40,945,11,1,cqbr,1,17,,,RO,KB
kis2,2021,7,12,1,40,945,11,1,tube,1,3,,,RO,KB
kis2,2021,7,12,1,40,945,11,1,bapi,3,4,,,RO,KB
kis2,2021,7,12,1,40,945,11,1,sand,3,328,300,,RO,KB
kis2,2021,7,12,1,40,945,11,1,byro,1,8,,,RO,KB
kis2,2021,7,12,1,40,945,11,1,enso,3,21,,,RO,KB
kis2,2021,7,12,1,40,945,11,1,coso,3,1,,,RO,KB
kis2,2021,7,12,1,40,945,11,1,kegr,1,4,,,RO,KB
kis2,2021,7,12,1,40,945,11,1,crgu,3,5,,,RO,KB
kis2,2021,7,12,1,40,945,11,1,shpe,2,1,,,RO,KB
kis2,2021,7,12,1,40,945,11,1,tisc,3,1,,,RO,KB
kis2,2021,7,12,1,40,945,11,1,pasa,3,4,,,RO,KB
kis2,2021,7,12,1,40,945,11,1,masc,1,1,,,RO,KB
kis2,2021,7,12,1,40,945,11,1,busc,1,1,,,RO,KB
kis2,2021,7,12,1,40,945,11,1,stsc,3,1,,,RO,KB
kis2,2021,7,12,2,8,1003,11,1,cqbr,1,80,,,RO,KB
kis2,2021,7,12,2,8,1003,11,1,tube,3,11,,,RO,KB
kis2,2021,7,12,2,8,1003,11,1,bapi,3,9,,,RO,KB
kis2,2021,7,12,2,8,1003,11,1,tisc,1,12,,,RO,KB
kis2,2021,7,12,2,8,1003,11,1,kepe,2,1,,,RO,KB
kis2,2021,7,12,2,8,1003,11,1,byro,1,10,,,RO,KB
kis2,2021,7,12,2,8,1003,11,1,unla,1,4,,,RO,KB
kis2,2021,7,12,2,8,1003,11,1,blro,3,4,,,RO,KB
kis2,2021,7,12,2,8,1003,11,1,pegu,3,1,,,RO,KB
kis2,2021,7,12,2,8,1003,11,1,enso,3,22,,,RO,KB
kis2,2021,7,12,2,8,1003,11,1,kegr,1,3,,,RO,KB
kis2,2021,7,12,2,8,1003,11,1,shpe,2,2,,,RO,KB
kis2,2021,7,12,2,8,1003,11,1,roso,3,1,,,RO,KB
kis2,2021,7,12,2,8,1003,11,1,ling,1,1,,,RO,KB
kis2,2021,7,12,2,8,1003,11,1,stsc,3,1,,,RO,KB
kis2,2021,7,12,2,8,1003,11,1,coro,3,1,,,RO,KB
kis2,2021,7,12,2,8,1003,11,1,busc,1,2,,,RO,KB
gog1,2021,7,13,1,0,1026,11,1,cqbr,1,13,,,KB,CP
gog1,2021,7,13,1,0,1026,11,1,tube,3,16,,,KB,CP
gog1,2021,7,13,1,0,1026,11,1,bapi,3,9,,,KB,CP
gog1,2021,7,13,1,0,1026,11,1,byro,1,6,,,KB,CP
gog1,2021,7,13,1,0,1026,11,1,kegr,1,22,,,KB,CP
gog1,2021,7,13,1,0,1026,11,1,sisc,3,13,,,KB,CP
gog1,2021,7,13,1,0,1026,11,1,pegu,3,31,,,KB,CP
gog1,2021,7,13,1,0,1026,11,1,shpe,1,118,,,KB,CP
gog1,2021,7,13,1,0,1026,11,1,shpe,2,9,,,KB,CP
gog1,2021,7,13,1,0,1026,11,1,crgu,3,12,,,KB,CP
gog1,2021,7,13,1,0,1026,11,1,enso,3,54,,,KB,CP
gog1,2021,7,13,1,0,1026,11,1,stsc,3,2,,,KB,CP
gog1,2021,7,13,1,0,1026,11,1,ling,1,2,,,KB,CP
gog1,2021,7,13,1,0,1026,11,1,tisc,3,3,,,KB,CP
gog1,2021,7,13,1,0,1026,11,1,pasa,3,1,,,KB,CP
gog1,2021,7,13,2,75,1102,11,1,cqbr,1,20,,,KB,CP
gog1,2021,7,13,2,75,1102,11,1,tube,3,47,,,KB,CP
gog1,2021,7,13,2,75,1102,11,1,coso,3,1,,,KB,CP
gog1,2021,7,13,2,75,1102,11,1,bapi,3,3,,,KB,CP
gog1,2021,7,13,2,75,1102,11,1,sisc,3,7,,,KB,CP
gog1,2021,7,13,2,75,1102,11,1,enso,3,33,,,KB,CP
gog1,2021,7,13,2,75,1102,11,1,kegr,1,14,,,KB,CP
gog1,2021,7,13,2,75,1102,11,1,pegu,3,16,,,KB,CP
gog1,2021,7,13,2,75,1102,11,1,shpe,1,207,200,,KB,CP
gog1,2021,7,13,2,75,1102,11,1,shpe,2,15,,,KB,CP
gog1,2021,7,13,2,75,1102,11,1,byro,1,11,,,KB,CP
gog1,2021,7,13,2,75,1102,11,1,kecl,3,1,,,KB,CP
gog1,2021,7,13,2,75,1102,11,1,smsc,3,1,,,KB,CP
gog1,2021,7,13,2,75,1102,11,1,crgu,3,8,,,KB,CP
gog1,2021,7,13,2,75,1102,11,1,stsc,3,8,,,KB,CP
gog1,2021,7,13,2,75,1102,11,1,whgr,3,2,,,KB,CP
gog1,2021,7,13,2,75,1102,11,1,reil,3,3,,,KB,CP
gog1,2021,7,13,2,75,1102,11,1,tisc,3,13,,,KB,CP
gog1,2021,7,13,2,75,1102,11,1,pasa,3,1,,,KB,CP
gog4,2021,7,13,1,120,903,11,1,cqbr,1,12,,,RO,KB
gog4,2021,7,13,1,120,903,11,1,enso,3,331,,182LEFT IN NET,RO,KB
gog4,2021,7,13,1,120,903,11,1,pasa,3,1,,,RO,KB
gog4,2021,7,13,1,120,903,11,1,saso,3,12,,,KB,KB
gog4,2021,7,13,1,120,903,11,1,byro,1,3,,,RO,KB
gog4,2021,7,13,1,120,903,11,1,tisc,3,26,,,RO,KB
gog4,2021,7,13,2,15,926,11,1,bapi,2,1,,,RO,KB
gog4,2021,7,13,2,15,926,11,1,shpe,2,3,,,RO,KB
gog4,2021,7,13,2,15,926,11,1,saso,3,10,,,RO,KB
gog4,2021,7,13,2,15,926,11,1,stsc,3,8,,,RO,KB
gog4,2021,7,13,2,15,926,11,1,enso,3,122,,115 LEFT IN NET,RO,KB
gog4,2021,7,13,2,15,926,11,1,susm,3,1,,,RO,KB
gog4,2021,7,13,2,15,926,11,1,pasa,3,1,,,RO,KB
fan1,2021,7,14,1,175,1131,11,1,herr,1,2031,2000,,RO,CP
fan1,2021,7,14,1,175,1131,11,1,kegr,1,16,,,RO,CP
fan1,2021,7,14,1,175,1131,11,1,shpe,3,12,,,RO,CP
fan1,2021,7,14,1,175,1131,11,1,pegu,3,2,,,RO,CP
fan1,2021,7,14,1,175,1131,11,1,tisc,3,93,50,,RO,CP
fan1,2021,7,14,1,175,1131,11,1,cqbr,1,7,,,RO,CP
fan1,2021,7,14,1,175,1131,11,1,byro,1,13,,,RO,CP
fan1,2021,7,14,1,175,1131,11,1,bapi,3,17,,,RO,CP
fan1,2021,7,14,1,175,1131,11,1,busc,3,3,,,RO,CP
fan1,2021,7,14,1,175,1131,11,1,cabe,3,1,,,RO,CP
fan1,2021,7,14,1,175,1131,11,1,enso,3,3,,,RO,CP
fan1,2021,7,14,1,175,1131,11,1,whgr,3,2,,,RO,CP
fan1,2021,7,14,1,175,1131,11,1,crgu,3,2,,,RO,CP
fan1,2021,7,14,1,175,1131,11,1,reil,3,1,,,RO,CP
fan1,2021,7,14,1,175,1131,11,1,sisc,3,1,,,RO,CP
fan1,2021,7,14,2,0,1146,11,1,shpe,2,15,,,RO,CP
fan1,2021,7,14,2,0,1146,11,1,cqbr,1,5,,,RO,CP
fan1,2021,7,14,2,0,1146,11,1,byro,1,18,,,RO,CP
fan1,2021,7,14,2,0,1146,11,1,pegu,3,11,,,RO,CP
fan1,2021,7,14,2,0,1146,11,1,kegr,1,16,,,RO,CP
fan1,2021,7,14,2,0,1146,11,1,crgu,3,7,,,RO,CP
fan1,2021,7,14,2,0,1146,11,1,tube,1,1,,,RO,CP
fan1,2021,7,14,2,0,1146,11,1,hico,3,17,,,RO,CP
fan1,2021,7,14,2,0,1146,11,1,herr,1,85,75,,RO,CP
fan1,2021,7,14,2,0,1146,11,1,ling,1,6,,,RO,CP
fan1,2021,7,14,2,0,1146,11,1,tisc,3,134,50,,RO,CP
fan1,2021,7,14,2,0,1146,11,1,shpe,1,2,,,RO,CP
fan1,2021,7,14,2,0,1146,11,1,bapi,2,3,,,RO,CP
fan1,2021,7,14,2,0,1146,11,1,sisc,3,7,,,RO,CP
fan1,2021,7,14,2,0,1146,11,1,cabe,3,2,,,RO,CP
fan1,2021,7,14,2,0,1146,11,1,coro,3,1,,,RO,CP
fan3,2021,7,14,1,0,938,11,1,pegu,3,21,,,CP,RO
fan3,2021,7,14,1,0,938,11,1,enso,3,45,,,CP,RO
fan3,2021,7,14,1,0,938,11,1,cqbr,1,12,,,CP,RO
fan3,2021,7,14,1,0,938,11,1,busc,3,4,,,CP,RO
fan3,2021,7,14,1,0,938,11,1,herr,1,34,,,CP,RO
fan3,2021,7,14,1,0,938,11,1,sand,3,16,,,CP,RO
fan3,2021,7,14,1,0,938,11,1,saso,3,1,,,CP,RO
fan3,2021,7,14,1,0,938,11,1,tisc,3,9,,,CP,RO
fan3,2021,7,14,1,0,938,11,1,ling,1,2,,,CP,RO
fan3,2021,7,14,1,0,938,11,1,crgu,3,1,,,CP,RO
fan3,2021,7,14,1,0,938,11,1,bapi,3,1,,,CP,RO
fan3,2021,7,14,1,0,938,11,1,kegr,1,2,,,CP,RO
fan3,2021,7,14,1,0,938,11,1,byro,1,1,,,CP,RO
fan3,2021,7,14,1,0,938,11,1,roso,3,10,,,CP,RO
fan3,2021,7,14,1,0,938,11,1,unfl,3,1,,,RO,RO
fan3,2021,7,14,1,0,938,11,1,rbsc,3,1,,,RO,RO
fan3,2021,7,14,1,0,938,11,1,tomc,1,1,,,CP,RO
fan3,2021,7,14,1,0,938,11,1,reil,3,52,,,CP,RO
fan3,2021,7,14,2,270,1004,11,1,byro,1,49,,,CP,RO
fan3,2021,7,14,2,270,1004,11,1,pegu,3,16,,,CP,RO
fan3,2021,7,14,2,270,1004,11,1,tisc,3,63,,,CP,RO
fan3,2021,7,14,2,270,1004,11,1,kegr,1,5,,,CP,RO
fan3,2021,7,14,2,270,1004,11,1,cqbr,1,9,,,CP,RO
fan3,2021,7,14,2,270,1004,11,1,tube,3,11,,,CP,RO
fan3,2021,7,14,2,270,1004,11,1,reil,3,1,,,CP,RO
fan3,2021,7,14,2,270,1004,11,1,cabe,3,1,,,CP,RO
fan3,2021,7,14,2,270,1004,11,1,smsc,3,1,,,CP,RO
fan3,2021,7,14,2,270,1004,11,1,busc,3,1,,,CP,RO
fan3,2021,7,14,2,270,1004,11,1,coso,3,1,,,CP,RO
fan3,2021,7,14,2,270,1004,11,1,crgu,3,22,,,CP,RO
fan3,2021,7,14,2,270,1004,11,1,shpe,2,3,,,CP,RO
fan3,2021,7,14,2,270,1004,11,1,nocl,3,1,,,CP,RO
fan3,2021,7,14,2,270,1004,11,1,masc,3,3,,,CP,RO
fan3,2021,7,14,2,270,1004,11,1,herr,1,1,,,RO,RO
